# Column 1: Wavelength vector in Angstrom
# Column 2: FWHM of observation at the respective wavelength in Angstrom
# 
# This files describes the udf-10 line-spread-function from Bacon et al. 2017,
# eqn. 8.
4000.00000    3.30376
4000.60000    3.30349
4001.20000    3.30322
4001.80000    3.30295
4002.40000    3.30268
4003.00000    3.30241
4003.60000    3.30214
4004.20000    3.30187
4004.80000    3.30160
4005.40000    3.30133
4006.00000    3.30107
4006.60000    3.30080
4007.20000    3.30053
4007.80000    3.30026
4008.40000    3.29999
4009.00000    3.29972
4009.60000    3.29945
4010.20000    3.29918
4010.80000    3.29891
4011.40000    3.29864
4012.00000    3.29838
4012.60000    3.29811
4013.20000    3.29784
4013.80000    3.29757
4014.40000    3.29730
4015.00000    3.29703
4015.60000    3.29676
4016.20000    3.29649
4016.80000    3.29623
4017.40000    3.29596
4018.00000    3.29569
4018.60000    3.29542
4019.20000    3.29515
4019.80000    3.29488
4020.40000    3.29462
4021.00000    3.29435
4021.60000    3.29408
4022.20000    3.29381
4022.80000    3.29354
4023.40000    3.29328
4024.00000    3.29301
4024.60000    3.29274
4025.20000    3.29247
4025.80000    3.29220
4026.40000    3.29194
4027.00000    3.29167
4027.60000    3.29140
4028.20000    3.29113
4028.80000    3.29087
4029.40000    3.29060
4030.00000    3.29033
4030.60000    3.29006
4031.20000    3.28980
4031.80000    3.28953
4032.40000    3.28926
4033.00000    3.28899
4033.60000    3.28873
4034.20000    3.28846
4034.80000    3.28819
4035.40000    3.28792
4036.00000    3.28766
4036.60000    3.28739
4037.20000    3.28712
4037.80000    3.28686
4038.40000    3.28659
4039.00000    3.28632
4039.60000    3.28605
4040.20000    3.28579
4040.80000    3.28552
4041.40000    3.28525
4042.00000    3.28499
4042.60000    3.28472
4043.20000    3.28445
4043.80000    3.28419
4044.40000    3.28392
4045.00000    3.28365
4045.60000    3.28339
4046.20000    3.28312
4046.80000    3.28286
4047.40000    3.28259
4048.00000    3.28232
4048.60000    3.28206
4049.20000    3.28179
4049.80000    3.28152
4050.40000    3.28126
4051.00000    3.28099
4051.60000    3.28073
4052.20000    3.28046
4052.80000    3.28019
4053.40000    3.27993
4054.00000    3.27966
4054.60000    3.27940
4055.20000    3.27913
4055.80000    3.27887
4056.40000    3.27860
4057.00000    3.27833
4057.60000    3.27807
4058.20000    3.27780
4058.80000    3.27754
4059.40000    3.27727
4060.00000    3.27701
4060.60000    3.27674
4061.20000    3.27648
4061.80000    3.27621
4062.40000    3.27594
4063.00000    3.27568
4063.60000    3.27541
4064.20000    3.27515
4064.80000    3.27488
4065.40000    3.27462
4066.00000    3.27435
4066.60000    3.27409
4067.20000    3.27382
4067.80000    3.27356
4068.40000    3.27329
4069.00000    3.27303
4069.60000    3.27276
4070.20000    3.27250
4070.80000    3.27224
4071.40000    3.27197
4072.00000    3.27171
4072.60000    3.27144
4073.20000    3.27118
4073.80000    3.27091
4074.40000    3.27065
4075.00000    3.27038
4075.60000    3.27012
4076.20000    3.26985
4076.80000    3.26959
4077.40000    3.26933
4078.00000    3.26906
4078.60000    3.26880
4079.20000    3.26853
4079.80000    3.26827
4080.40000    3.26801
4081.00000    3.26774
4081.60000    3.26748
4082.20000    3.26721
4082.80000    3.26695
4083.40000    3.26669
4084.00000    3.26642
4084.60000    3.26616
4085.20000    3.26590
4085.80000    3.26563
4086.40000    3.26537
4087.00000    3.26510
4087.60000    3.26484
4088.20000    3.26458
4088.80000    3.26431
4089.40000    3.26405
4090.00000    3.26379
4090.60000    3.26352
4091.20000    3.26326
4091.80000    3.26300
4092.40000    3.26273
4093.00000    3.26247
4093.60000    3.26221
4094.20000    3.26195
4094.80000    3.26168
4095.40000    3.26142
4096.00000    3.26116
4096.60000    3.26089
4097.20000    3.26063
4097.80000    3.26037
4098.40000    3.26011
4099.00000    3.25984
4099.60000    3.25958
4100.20000    3.25932
4100.80000    3.25905
4101.40000    3.25879
4102.00000    3.25853
4102.60000    3.25827
4103.20000    3.25800
4103.80000    3.25774
4104.40000    3.25748
4105.00000    3.25722
4105.60000    3.25696
4106.20000    3.25669
4106.80000    3.25643
4107.40000    3.25617
4108.00000    3.25591
4108.60000    3.25564
4109.20000    3.25538
4109.80000    3.25512
4110.40000    3.25486
4111.00000    3.25460
4111.60000    3.25434
4112.20000    3.25407
4112.80000    3.25381
4113.40000    3.25355
4114.00000    3.25329
4114.60000    3.25303
4115.20000    3.25277
4115.80000    3.25250
4116.40000    3.25224
4117.00000    3.25198
4117.60000    3.25172
4118.20000    3.25146
4118.80000    3.25120
4119.40000    3.25094
4120.00000    3.25067
4120.60000    3.25041
4121.20000    3.25015
4121.80000    3.24989
4122.40000    3.24963
4123.00000    3.24937
4123.60000    3.24911
4124.20000    3.24885
4124.80000    3.24859
4125.40000    3.24833
4126.00000    3.24806
4126.60000    3.24780
4127.20000    3.24754
4127.80000    3.24728
4128.40000    3.24702
4129.00000    3.24676
4129.60000    3.24650
4130.20000    3.24624
4130.80000    3.24598
4131.40000    3.24572
4132.00000    3.24546
4132.60000    3.24520
4133.20000    3.24494
4133.80000    3.24468
4134.40000    3.24442
4135.00000    3.24416
4135.60000    3.24390
4136.20000    3.24364
4136.80000    3.24338
4137.40000    3.24312
4138.00000    3.24286
4138.60000    3.24260
4139.20000    3.24234
4139.80000    3.24208
4140.40000    3.24182
4141.00000    3.24156
4141.60000    3.24130
4142.20000    3.24104
4142.80000    3.24078
4143.40000    3.24052
4144.00000    3.24026
4144.60000    3.24000
4145.20000    3.23974
4145.80000    3.23948
4146.40000    3.23922
4147.00000    3.23896
4147.60000    3.23870
4148.20000    3.23844
4148.80000    3.23819
4149.40000    3.23793
4150.00000    3.23767
4150.60000    3.23741
4151.20000    3.23715
4151.80000    3.23689
4152.40000    3.23663
4153.00000    3.23637
4153.60000    3.23611
4154.20000    3.23585
4154.80000    3.23560
4155.40000    3.23534
4156.00000    3.23508
4156.60000    3.23482
4157.20000    3.23456
4157.80000    3.23430
4158.40000    3.23404
4159.00000    3.23379
4159.60000    3.23353
4160.20000    3.23327
4160.80000    3.23301
4161.40000    3.23275
4162.00000    3.23249
4162.60000    3.23224
4163.20000    3.23198
4163.80000    3.23172
4164.40000    3.23146
4165.00000    3.23120
4165.60000    3.23094
4166.20000    3.23069
4166.80000    3.23043
4167.40000    3.23017
4168.00000    3.22991
4168.60000    3.22966
4169.20000    3.22940
4169.80000    3.22914
4170.40000    3.22888
4171.00000    3.22862
4171.60000    3.22837
4172.20000    3.22811
4172.80000    3.22785
4173.40000    3.22759
4174.00000    3.22734
4174.60000    3.22708
4175.20000    3.22682
4175.80000    3.22656
4176.40000    3.22631
4177.00000    3.22605
4177.60000    3.22579
4178.20000    3.22554
4178.80000    3.22528
4179.40000    3.22502
4180.00000    3.22476
4180.60000    3.22451
4181.20000    3.22425
4181.80000    3.22399
4182.40000    3.22374
4183.00000    3.22348
4183.60000    3.22322
4184.20000    3.22297
4184.80000    3.22271
4185.40000    3.22245
4186.00000    3.22220
4186.60000    3.22194
4187.20000    3.22168
4187.80000    3.22143
4188.40000    3.22117
4189.00000    3.22092
4189.60000    3.22066
4190.20000    3.22040
4190.80000    3.22015
4191.40000    3.21989
4192.00000    3.21963
4192.60000    3.21938
4193.20000    3.21912
4193.80000    3.21887
4194.40000    3.21861
4195.00000    3.21835
4195.60000    3.21810
4196.20000    3.21784
4196.80000    3.21759
4197.40000    3.21733
4198.00000    3.21707
4198.60000    3.21682
4199.20000    3.21656
4199.80000    3.21631
4200.40000    3.21605
4201.00000    3.21580
4201.60000    3.21554
4202.20000    3.21529
4202.80000    3.21503
4203.40000    3.21477
4204.00000    3.21452
4204.60000    3.21426
4205.20000    3.21401
4205.80000    3.21375
4206.40000    3.21350
4207.00000    3.21324
4207.60000    3.21299
4208.20000    3.21273
4208.80000    3.21248
4209.40000    3.21222
4210.00000    3.21197
4210.60000    3.21171
4211.20000    3.21146
4211.80000    3.21120
4212.40000    3.21095
4213.00000    3.21069
4213.60000    3.21044
4214.20000    3.21019
4214.80000    3.20993
4215.40000    3.20968
4216.00000    3.20942
4216.60000    3.20917
4217.20000    3.20891
4217.80000    3.20866
4218.40000    3.20840
4219.00000    3.20815
4219.60000    3.20790
4220.20000    3.20764
4220.80000    3.20739
4221.40000    3.20713
4222.00000    3.20688
4222.60000    3.20663
4223.20000    3.20637
4223.80000    3.20612
4224.40000    3.20586
4225.00000    3.20561
4225.60000    3.20536
4226.20000    3.20510
4226.80000    3.20485
4227.40000    3.20460
4228.00000    3.20434
4228.60000    3.20409
4229.20000    3.20383
4229.80000    3.20358
4230.40000    3.20333
4231.00000    3.20307
4231.60000    3.20282
4232.20000    3.20257
4232.80000    3.20231
4233.40000    3.20206
4234.00000    3.20181
4234.60000    3.20155
4235.20000    3.20130
4235.80000    3.20105
4236.40000    3.20080
4237.00000    3.20054
4237.60000    3.20029
4238.20000    3.20004
4238.80000    3.19978
4239.40000    3.19953
4240.00000    3.19928
4240.60000    3.19903
4241.20000    3.19877
4241.80000    3.19852
4242.40000    3.19827
4243.00000    3.19801
4243.60000    3.19776
4244.20000    3.19751
4244.80000    3.19726
4245.40000    3.19700
4246.00000    3.19675
4246.60000    3.19650
4247.20000    3.19625
4247.80000    3.19600
4248.40000    3.19574
4249.00000    3.19549
4249.60000    3.19524
4250.20000    3.19499
4250.80000    3.19474
4251.40000    3.19448
4252.00000    3.19423
4252.60000    3.19398
4253.20000    3.19373
4253.80000    3.19348
4254.40000    3.19322
4255.00000    3.19297
4255.60000    3.19272
4256.20000    3.19247
4256.80000    3.19222
4257.40000    3.19197
4258.00000    3.19171
4258.60000    3.19146
4259.20000    3.19121
4259.80000    3.19096
4260.40000    3.19071
4261.00000    3.19046
4261.60000    3.19021
4262.20000    3.18995
4262.80000    3.18970
4263.40000    3.18945
4264.00000    3.18920
4264.60000    3.18895
4265.20000    3.18870
4265.80000    3.18845
4266.40000    3.18820
4267.00000    3.18795
4267.60000    3.18770
4268.20000    3.18745
4268.80000    3.18719
4269.40000    3.18694
4270.00000    3.18669
4270.60000    3.18644
4271.20000    3.18619
4271.80000    3.18594
4272.40000    3.18569
4273.00000    3.18544
4273.60000    3.18519
4274.20000    3.18494
4274.80000    3.18469
4275.40000    3.18444
4276.00000    3.18419
4276.60000    3.18394
4277.20000    3.18369
4277.80000    3.18344
4278.40000    3.18319
4279.00000    3.18294
4279.60000    3.18269
4280.20000    3.18244
4280.80000    3.18219
4281.40000    3.18194
4282.00000    3.18169
4282.60000    3.18144
4283.20000    3.18119
4283.80000    3.18094
4284.40000    3.18069
4285.00000    3.18044
4285.60000    3.18019
4286.20000    3.17994
4286.80000    3.17969
4287.40000    3.17944
4288.00000    3.17919
4288.60000    3.17894
4289.20000    3.17869
4289.80000    3.17844
4290.40000    3.17820
4291.00000    3.17795
4291.60000    3.17770
4292.20000    3.17745
4292.80000    3.17720
4293.40000    3.17695
4294.00000    3.17670
4294.60000    3.17645
4295.20000    3.17620
4295.80000    3.17595
4296.40000    3.17571
4297.00000    3.17546
4297.60000    3.17521
4298.20000    3.17496
4298.80000    3.17471
4299.40000    3.17446
4300.00000    3.17421
4300.60000    3.17396
4301.20000    3.17372
4301.80000    3.17347
4302.40000    3.17322
4303.00000    3.17297
4303.60000    3.17272
4304.20000    3.17247
4304.80000    3.17223
4305.40000    3.17198
4306.00000    3.17173
4306.60000    3.17148
4307.20000    3.17123
4307.80000    3.17099
4308.40000    3.17074
4309.00000    3.17049
4309.60000    3.17024
4310.20000    3.16999
4310.80000    3.16975
4311.40000    3.16950
4312.00000    3.16925
4312.60000    3.16900
4313.20000    3.16876
4313.80000    3.16851
4314.40000    3.16826
4315.00000    3.16801
4315.60000    3.16777
4316.20000    3.16752
4316.80000    3.16727
4317.40000    3.16702
4318.00000    3.16678
4318.60000    3.16653
4319.20000    3.16628
4319.80000    3.16603
4320.40000    3.16579
4321.00000    3.16554
4321.60000    3.16529
4322.20000    3.16505
4322.80000    3.16480
4323.40000    3.16455
4324.00000    3.16431
4324.60000    3.16406
4325.20000    3.16381
4325.80000    3.16357
4326.40000    3.16332
4327.00000    3.16307
4327.60000    3.16283
4328.20000    3.16258
4328.80000    3.16233
4329.40000    3.16209
4330.00000    3.16184
4330.60000    3.16159
4331.20000    3.16135
4331.80000    3.16110
4332.40000    3.16085
4333.00000    3.16061
4333.60000    3.16036
4334.20000    3.16012
4334.80000    3.15987
4335.40000    3.15962
4336.00000    3.15938
4336.60000    3.15913
4337.20000    3.15889
4337.80000    3.15864
4338.40000    3.15839
4339.00000    3.15815
4339.60000    3.15790
4340.20000    3.15766
4340.80000    3.15741
4341.40000    3.15717
4342.00000    3.15692
4342.60000    3.15667
4343.20000    3.15643
4343.80000    3.15618
4344.40000    3.15594
4345.00000    3.15569
4345.60000    3.15545
4346.20000    3.15520
4346.80000    3.15496
4347.40000    3.15471
4348.00000    3.15447
4348.60000    3.15422
4349.20000    3.15398
4349.80000    3.15373
4350.40000    3.15349
4351.00000    3.15324
4351.60000    3.15300
4352.20000    3.15275
4352.80000    3.15251
4353.40000    3.15226
4354.00000    3.15202
4354.60000    3.15177
4355.20000    3.15153
4355.80000    3.15128
4356.40000    3.15104
4357.00000    3.15079
4357.60000    3.15055
4358.20000    3.15030
4358.80000    3.15006
4359.40000    3.14982
4360.00000    3.14957
4360.60000    3.14933
4361.20000    3.14908
4361.80000    3.14884
4362.40000    3.14859
4363.00000    3.14835
4363.60000    3.14811
4364.20000    3.14786
4364.80000    3.14762
4365.40000    3.14737
4366.00000    3.14713
4366.60000    3.14689
4367.20000    3.14664
4367.80000    3.14640
4368.40000    3.14615
4369.00000    3.14591
4369.60000    3.14567
4370.20000    3.14542
4370.80000    3.14518
4371.40000    3.14494
4372.00000    3.14469
4372.60000    3.14445
4373.20000    3.14421
4373.80000    3.14396
4374.40000    3.14372
4375.00000    3.14348
4375.60000    3.14323
4376.20000    3.14299
4376.80000    3.14275
4377.40000    3.14250
4378.00000    3.14226
4378.60000    3.14202
4379.20000    3.14177
4379.80000    3.14153
4380.40000    3.14129
4381.00000    3.14105
4381.60000    3.14080
4382.20000    3.14056
4382.80000    3.14032
4383.40000    3.14008
4384.00000    3.13983
4384.60000    3.13959
4385.20000    3.13935
4385.80000    3.13910
4386.40000    3.13886
4387.00000    3.13862
4387.60000    3.13838
4388.20000    3.13814
4388.80000    3.13789
4389.40000    3.13765
4390.00000    3.13741
4390.60000    3.13717
4391.20000    3.13692
4391.80000    3.13668
4392.40000    3.13644
4393.00000    3.13620
4393.60000    3.13596
4394.20000    3.13571
4394.80000    3.13547
4395.40000    3.13523
4396.00000    3.13499
4396.60000    3.13475
4397.20000    3.13451
4397.80000    3.13426
4398.40000    3.13402
4399.00000    3.13378
4399.60000    3.13354
4400.20000    3.13330
4400.80000    3.13306
4401.40000    3.13281
4402.00000    3.13257
4402.60000    3.13233
4403.20000    3.13209
4403.80000    3.13185
4404.40000    3.13161
4405.00000    3.13137
4405.60000    3.13113
4406.20000    3.13088
4406.80000    3.13064
4407.40000    3.13040
4408.00000    3.13016
4408.60000    3.12992
4409.20000    3.12968
4409.80000    3.12944
4410.40000    3.12920
4411.00000    3.12896
4411.60000    3.12872
4412.20000    3.12848
4412.80000    3.12824
4413.40000    3.12799
4414.00000    3.12775
4414.60000    3.12751
4415.20000    3.12727
4415.80000    3.12703
4416.40000    3.12679
4417.00000    3.12655
4417.60000    3.12631
4418.20000    3.12607
4418.80000    3.12583
4419.40000    3.12559
4420.00000    3.12535
4420.60000    3.12511
4421.20000    3.12487
4421.80000    3.12463
4422.40000    3.12439
4423.00000    3.12415
4423.60000    3.12391
4424.20000    3.12367
4424.80000    3.12343
4425.40000    3.12319
4426.00000    3.12295
4426.60000    3.12271
4427.20000    3.12247
4427.80000    3.12223
4428.40000    3.12199
4429.00000    3.12175
4429.60000    3.12152
4430.20000    3.12128
4430.80000    3.12104
4431.40000    3.12080
4432.00000    3.12056
4432.60000    3.12032
4433.20000    3.12008
4433.80000    3.11984
4434.40000    3.11960
4435.00000    3.11936
4435.60000    3.11912
4436.20000    3.11888
4436.80000    3.11865
4437.40000    3.11841
4438.00000    3.11817
4438.60000    3.11793
4439.20000    3.11769
4439.80000    3.11745
4440.40000    3.11721
4441.00000    3.11697
4441.60000    3.11674
4442.20000    3.11650
4442.80000    3.11626
4443.40000    3.11602
4444.00000    3.11578
4444.60000    3.11554
4445.20000    3.11530
4445.80000    3.11507
4446.40000    3.11483
4447.00000    3.11459
4447.60000    3.11435
4448.20000    3.11411
4448.80000    3.11388
4449.40000    3.11364
4450.00000    3.11340
4450.60000    3.11316
4451.20000    3.11292
4451.80000    3.11269
4452.40000    3.11245
4453.00000    3.11221
4453.60000    3.11197
4454.20000    3.11173
4454.80000    3.11150
4455.40000    3.11126
4456.00000    3.11102
4456.60000    3.11078
4457.20000    3.11055
4457.80000    3.11031
4458.40000    3.11007
4459.00000    3.10983
4459.60000    3.10960
4460.20000    3.10936
4460.80000    3.10912
4461.40000    3.10889
4462.00000    3.10865
4462.60000    3.10841
4463.20000    3.10817
4463.80000    3.10794
4464.40000    3.10770
4465.00000    3.10746
4465.60000    3.10723
4466.20000    3.10699
4466.80000    3.10675
4467.40000    3.10652
4468.00000    3.10628
4468.60000    3.10604
4469.20000    3.10581
4469.80000    3.10557
4470.40000    3.10533
4471.00000    3.10510
4471.60000    3.10486
4472.20000    3.10462
4472.80000    3.10439
4473.40000    3.10415
4474.00000    3.10391
4474.60000    3.10368
4475.20000    3.10344
4475.80000    3.10321
4476.40000    3.10297
4477.00000    3.10273
4477.60000    3.10250
4478.20000    3.10226
4478.80000    3.10203
4479.40000    3.10179
4480.00000    3.10155
4480.60000    3.10132
4481.20000    3.10108
4481.80000    3.10085
4482.40000    3.10061
4483.00000    3.10037
4483.60000    3.10014
4484.20000    3.09990
4484.80000    3.09967
4485.40000    3.09943
4486.00000    3.09920
4486.60000    3.09896
4487.20000    3.09873
4487.80000    3.09849
4488.40000    3.09826
4489.00000    3.09802
4489.60000    3.09779
4490.20000    3.09755
4490.80000    3.09731
4491.40000    3.09708
4492.00000    3.09684
4492.60000    3.09661
4493.20000    3.09637
4493.80000    3.09614
4494.40000    3.09591
4495.00000    3.09567
4495.60000    3.09544
4496.20000    3.09520
4496.80000    3.09497
4497.40000    3.09473
4498.00000    3.09450
4498.60000    3.09426
4499.20000    3.09403
4499.80000    3.09379
4500.40000    3.09356
4501.00000    3.09332
4501.60000    3.09309
4502.20000    3.09286
4502.80000    3.09262
4503.40000    3.09239
4504.00000    3.09215
4504.60000    3.09192
4505.20000    3.09168
4505.80000    3.09145
4506.40000    3.09122
4507.00000    3.09098
4507.60000    3.09075
4508.20000    3.09051
4508.80000    3.09028
4509.40000    3.09005
4510.00000    3.08981
4510.60000    3.08958
4511.20000    3.08935
4511.80000    3.08911
4512.40000    3.08888
4513.00000    3.08865
4513.60000    3.08841
4514.20000    3.08818
4514.80000    3.08794
4515.40000    3.08771
4516.00000    3.08748
4516.60000    3.08724
4517.20000    3.08701
4517.80000    3.08678
4518.40000    3.08654
4519.00000    3.08631
4519.60000    3.08608
4520.20000    3.08585
4520.80000    3.08561
4521.40000    3.08538
4522.00000    3.08515
4522.60000    3.08491
4523.20000    3.08468
4523.80000    3.08445
4524.40000    3.08422
4525.00000    3.08398
4525.60000    3.08375
4526.20000    3.08352
4526.80000    3.08328
4527.40000    3.08305
4528.00000    3.08282
4528.60000    3.08259
4529.20000    3.08235
4529.80000    3.08212
4530.40000    3.08189
4531.00000    3.08166
4531.60000    3.08143
4532.20000    3.08119
4532.80000    3.08096
4533.40000    3.08073
4534.00000    3.08050
4534.60000    3.08026
4535.20000    3.08003
4535.80000    3.07980
4536.40000    3.07957
4537.00000    3.07934
4537.60000    3.07911
4538.20000    3.07887
4538.80000    3.07864
4539.40000    3.07841
4540.00000    3.07818
4540.60000    3.07795
4541.20000    3.07772
4541.80000    3.07748
4542.40000    3.07725
4543.00000    3.07702
4543.60000    3.07679
4544.20000    3.07656
4544.80000    3.07633
4545.40000    3.07610
4546.00000    3.07586
4546.60000    3.07563
4547.20000    3.07540
4547.80000    3.07517
4548.40000    3.07494
4549.00000    3.07471
4549.60000    3.07448
4550.20000    3.07425
4550.80000    3.07402
4551.40000    3.07378
4552.00000    3.07355
4552.60000    3.07332
4553.20000    3.07309
4553.80000    3.07286
4554.40000    3.07263
4555.00000    3.07240
4555.60000    3.07217
4556.20000    3.07194
4556.80000    3.07171
4557.40000    3.07148
4558.00000    3.07125
4558.60000    3.07102
4559.20000    3.07079
4559.80000    3.07056
4560.40000    3.07033
4561.00000    3.07010
4561.60000    3.06987
4562.20000    3.06964
4562.80000    3.06941
4563.40000    3.06918
4564.00000    3.06895
4564.60000    3.06872
4565.20000    3.06849
4565.80000    3.06826
4566.40000    3.06803
4567.00000    3.06780
4567.60000    3.06757
4568.20000    3.06734
4568.80000    3.06711
4569.40000    3.06688
4570.00000    3.06665
4570.60000    3.06642
4571.20000    3.06619
4571.80000    3.06596
4572.40000    3.06573
4573.00000    3.06550
4573.60000    3.06527
4574.20000    3.06504
4574.80000    3.06481
4575.40000    3.06459
4576.00000    3.06436
4576.60000    3.06413
4577.20000    3.06390
4577.80000    3.06367
4578.40000    3.06344
4579.00000    3.06321
4579.60000    3.06298
4580.20000    3.06275
4580.80000    3.06252
4581.40000    3.06230
4582.00000    3.06207
4582.60000    3.06184
4583.20000    3.06161
4583.80000    3.06138
4584.40000    3.06115
4585.00000    3.06092
4585.60000    3.06070
4586.20000    3.06047
4586.80000    3.06024
4587.40000    3.06001
4588.00000    3.05978
4588.60000    3.05955
4589.20000    3.05933
4589.80000    3.05910
4590.40000    3.05887
4591.00000    3.05864
4591.60000    3.05841
4592.20000    3.05819
4592.80000    3.05796
4593.40000    3.05773
4594.00000    3.05750
4594.60000    3.05727
4595.20000    3.05705
4595.80000    3.05682
4596.40000    3.05659
4597.00000    3.05636
4597.60000    3.05614
4598.20000    3.05591
4598.80000    3.05568
4599.40000    3.05545
4600.00000    3.05523
4600.60000    3.05500
4601.20000    3.05477
4601.80000    3.05454
4602.40000    3.05432
4603.00000    3.05409
4603.60000    3.05386
4604.20000    3.05363
4604.80000    3.05341
4605.40000    3.05318
4606.00000    3.05295
4606.60000    3.05273
4607.20000    3.05250
4607.80000    3.05227
4608.40000    3.05205
4609.00000    3.05182
4609.60000    3.05159
4610.20000    3.05137
4610.80000    3.05114
4611.40000    3.05091
4612.00000    3.05069
4612.60000    3.05046
4613.20000    3.05023
4613.80000    3.05001
4614.40000    3.04978
4615.00000    3.04955
4615.60000    3.04933
4616.20000    3.04910
4616.80000    3.04887
4617.40000    3.04865
4618.00000    3.04842
4618.60000    3.04820
4619.20000    3.04797
4619.80000    3.04774
4620.40000    3.04752
4621.00000    3.04729
4621.60000    3.04707
4622.20000    3.04684
4622.80000    3.04661
4623.40000    3.04639
4624.00000    3.04616
4624.60000    3.04594
4625.20000    3.04571
4625.80000    3.04549
4626.40000    3.04526
4627.00000    3.04503
4627.60000    3.04481
4628.20000    3.04458
4628.80000    3.04436
4629.40000    3.04413
4630.00000    3.04391
4630.60000    3.04368
4631.20000    3.04346
4631.80000    3.04323
4632.40000    3.04301
4633.00000    3.04278
4633.60000    3.04256
4634.20000    3.04233
4634.80000    3.04211
4635.40000    3.04188
4636.00000    3.04166
4636.60000    3.04143
4637.20000    3.04121
4637.80000    3.04098
4638.40000    3.04076
4639.00000    3.04053
4639.60000    3.04031
4640.20000    3.04008
4640.80000    3.03986
4641.40000    3.03963
4642.00000    3.03941
4642.60000    3.03919
4643.20000    3.03896
4643.80000    3.03874
4644.40000    3.03851
4645.00000    3.03829
4645.60000    3.03806
4646.20000    3.03784
4646.80000    3.03762
4647.40000    3.03739
4648.00000    3.03717
4648.60000    3.03694
4649.20000    3.03672
4649.80000    3.03650
4650.40000    3.03627
4651.00000    3.03605
4651.60000    3.03582
4652.20000    3.03560
4652.80000    3.03538
4653.40000    3.03515
4654.00000    3.03493
4654.60000    3.03471
4655.20000    3.03448
4655.80000    3.03426
4656.40000    3.03404
4657.00000    3.03381
4657.60000    3.03359
4658.20000    3.03336
4658.80000    3.03314
4659.40000    3.03292
4660.00000    3.03270
4660.60000    3.03247
4661.20000    3.03225
4661.80000    3.03203
4662.40000    3.03180
4663.00000    3.03158
4663.60000    3.03136
4664.20000    3.03113
4664.80000    3.03091
4665.40000    3.03069
4666.00000    3.03047
4666.60000    3.03024
4667.20000    3.03002
4667.80000    3.02980
4668.40000    3.02957
4669.00000    3.02935
4669.60000    3.02913
4670.20000    3.02891
4670.80000    3.02868
4671.40000    3.02846
4672.00000    3.02824
4672.60000    3.02802
4673.20000    3.02780
4673.80000    3.02757
4674.40000    3.02735
4675.00000    3.02713
4675.60000    3.02691
4676.20000    3.02668
4676.80000    3.02646
4677.40000    3.02624
4678.00000    3.02602
4678.60000    3.02580
4679.20000    3.02557
4679.80000    3.02535
4680.40000    3.02513
4681.00000    3.02491
4681.60000    3.02469
4682.20000    3.02447
4682.80000    3.02424
4683.40000    3.02402
4684.00000    3.02380
4684.60000    3.02358
4685.20000    3.02336
4685.80000    3.02314
4686.40000    3.02292
4687.00000    3.02269
4687.60000    3.02247
4688.20000    3.02225
4688.80000    3.02203
4689.40000    3.02181
4690.00000    3.02159
4690.60000    3.02137
4691.20000    3.02115
4691.80000    3.02093
4692.40000    3.02070
4693.00000    3.02048
4693.60000    3.02026
4694.20000    3.02004
4694.80000    3.01982
4695.40000    3.01960
4696.00000    3.01938
4696.60000    3.01916
4697.20000    3.01894
4697.80000    3.01872
4698.40000    3.01850
4699.00000    3.01828
4699.60000    3.01806
4700.20000    3.01784
4700.80000    3.01762
4701.40000    3.01740
4702.00000    3.01718
4702.60000    3.01695
4703.20000    3.01673
4703.80000    3.01651
4704.40000    3.01629
4705.00000    3.01607
4705.60000    3.01585
4706.20000    3.01563
4706.80000    3.01541
4707.40000    3.01519
4708.00000    3.01497
4708.60000    3.01475
4709.20000    3.01454
4709.80000    3.01432
4710.40000    3.01410
4711.00000    3.01388
4711.60000    3.01366
4712.20000    3.01344
4712.80000    3.01322
4713.40000    3.01300
4714.00000    3.01278
4714.60000    3.01256
4715.20000    3.01234
4715.80000    3.01212
4716.40000    3.01190
4717.00000    3.01168
4717.60000    3.01146
4718.20000    3.01124
4718.80000    3.01102
4719.40000    3.01081
4720.00000    3.01059
4720.60000    3.01037
4721.20000    3.01015
4721.80000    3.00993
4722.40000    3.00971
4723.00000    3.00949
4723.60000    3.00927
4724.20000    3.00906
4724.80000    3.00884
4725.40000    3.00862
4726.00000    3.00840
4726.60000    3.00818
4727.20000    3.00796
4727.80000    3.00774
4728.40000    3.00753
4729.00000    3.00731
4729.60000    3.00709
4730.20000    3.00687
4730.80000    3.00665
4731.40000    3.00643
4732.00000    3.00622
4732.60000    3.00600
4733.20000    3.00578
4733.80000    3.00556
4734.40000    3.00534
4735.00000    3.00513
4735.60000    3.00491
4736.20000    3.00469
4736.80000    3.00447
4737.40000    3.00425
4738.00000    3.00404
4738.60000    3.00382
4739.20000    3.00360
4739.80000    3.00338
4740.40000    3.00317
4741.00000    3.00295
4741.60000    3.00273
4742.20000    3.00251
4742.80000    3.00230
4743.40000    3.00208
4744.00000    3.00186
4744.60000    3.00164
4745.20000    3.00143
4745.80000    3.00121
4746.40000    3.00099
4747.00000    3.00078
4747.60000    3.00056
4748.20000    3.00034
4748.80000    3.00013
4749.40000    2.99991
4750.00000    2.99969
4750.60000    2.99947
4751.20000    2.99926
4751.80000    2.99904
4752.40000    2.99882
4753.00000    2.99861
4753.60000    2.99839
4754.20000    2.99817
4754.80000    2.99796
4755.40000    2.99774
4756.00000    2.99752
4756.60000    2.99731
4757.20000    2.99709
4757.80000    2.99688
4758.40000    2.99666
4759.00000    2.99644
4759.60000    2.99623
4760.20000    2.99601
4760.80000    2.99579
4761.40000    2.99558
4762.00000    2.99536
4762.60000    2.99515
4763.20000    2.99493
4763.80000    2.99471
4764.40000    2.99450
4765.00000    2.99428
4765.60000    2.99407
4766.20000    2.99385
4766.80000    2.99364
4767.40000    2.99342
4768.00000    2.99320
4768.60000    2.99299
4769.20000    2.99277
4769.80000    2.99256
4770.40000    2.99234
4771.00000    2.99213
4771.60000    2.99191
4772.20000    2.99170
4772.80000    2.99148
4773.40000    2.99127
4774.00000    2.99105
4774.60000    2.99084
4775.20000    2.99062
4775.80000    2.99041
4776.40000    2.99019
4777.00000    2.98998
4777.60000    2.98976
4778.20000    2.98955
4778.80000    2.98933
4779.40000    2.98912
4780.00000    2.98890
4780.60000    2.98869
4781.20000    2.98847
4781.80000    2.98826
4782.40000    2.98804
4783.00000    2.98783
4783.60000    2.98761
4784.20000    2.98740
4784.80000    2.98718
4785.40000    2.98697
4786.00000    2.98676
4786.60000    2.98654
4787.20000    2.98633
4787.80000    2.98611
4788.40000    2.98590
4789.00000    2.98568
4789.60000    2.98547
4790.20000    2.98526
4790.80000    2.98504
4791.40000    2.98483
4792.00000    2.98461
4792.60000    2.98440
4793.20000    2.98419
4793.80000    2.98397
4794.40000    2.98376
4795.00000    2.98355
4795.60000    2.98333
4796.20000    2.98312
4796.80000    2.98290
4797.40000    2.98269
4798.00000    2.98248
4798.60000    2.98226
4799.20000    2.98205
4799.80000    2.98184
4800.40000    2.98162
4801.00000    2.98141
4801.60000    2.98120
4802.20000    2.98098
4802.80000    2.98077
4803.40000    2.98056
4804.00000    2.98035
4804.60000    2.98013
4805.20000    2.97992
4805.80000    2.97971
4806.40000    2.97949
4807.00000    2.97928
4807.60000    2.97907
4808.20000    2.97885
4808.80000    2.97864
4809.40000    2.97843
4810.00000    2.97822
4810.60000    2.97800
4811.20000    2.97779
4811.80000    2.97758
4812.40000    2.97737
4813.00000    2.97715
4813.60000    2.97694
4814.20000    2.97673
4814.80000    2.97652
4815.40000    2.97630
4816.00000    2.97609
4816.60000    2.97588
4817.20000    2.97567
4817.80000    2.97546
4818.40000    2.97524
4819.00000    2.97503
4819.60000    2.97482
4820.20000    2.97461
4820.80000    2.97440
4821.40000    2.97418
4822.00000    2.97397
4822.60000    2.97376
4823.20000    2.97355
4823.80000    2.97334
4824.40000    2.97313
4825.00000    2.97291
4825.60000    2.97270
4826.20000    2.97249
4826.80000    2.97228
4827.40000    2.97207
4828.00000    2.97186
4828.60000    2.97165
4829.20000    2.97143
4829.80000    2.97122
4830.40000    2.97101
4831.00000    2.97080
4831.60000    2.97059
4832.20000    2.97038
4832.80000    2.97017
4833.40000    2.96996
4834.00000    2.96975
4834.60000    2.96953
4835.20000    2.96932
4835.80000    2.96911
4836.40000    2.96890
4837.00000    2.96869
4837.60000    2.96848
4838.20000    2.96827
4838.80000    2.96806
4839.40000    2.96785
4840.00000    2.96764
4840.60000    2.96743
4841.20000    2.96722
4841.80000    2.96701
4842.40000    2.96680
4843.00000    2.96659
4843.60000    2.96638
4844.20000    2.96617
4844.80000    2.96595
4845.40000    2.96574
4846.00000    2.96553
4846.60000    2.96532
4847.20000    2.96511
4847.80000    2.96490
4848.40000    2.96469
4849.00000    2.96448
4849.60000    2.96427
4850.20000    2.96406
4850.80000    2.96386
4851.40000    2.96365
4852.00000    2.96344
4852.60000    2.96323
4853.20000    2.96302
4853.80000    2.96281
4854.40000    2.96260
4855.00000    2.96239
4855.60000    2.96218
4856.20000    2.96197
4856.80000    2.96176
4857.40000    2.96155
4858.00000    2.96134
4858.60000    2.96113
4859.20000    2.96092
4859.80000    2.96071
4860.40000    2.96050
4861.00000    2.96030
4861.60000    2.96009
4862.20000    2.95988
4862.80000    2.95967
4863.40000    2.95946
4864.00000    2.95925
4864.60000    2.95904
4865.20000    2.95883
4865.80000    2.95862
4866.40000    2.95842
4867.00000    2.95821
4867.60000    2.95800
4868.20000    2.95779
4868.80000    2.95758
4869.40000    2.95737
4870.00000    2.95716
4870.60000    2.95696
4871.20000    2.95675
4871.80000    2.95654
4872.40000    2.95633
4873.00000    2.95612
4873.60000    2.95591
4874.20000    2.95571
4874.80000    2.95550
4875.40000    2.95529
4876.00000    2.95508
4876.60000    2.95487
4877.20000    2.95467
4877.80000    2.95446
4878.40000    2.95425
4879.00000    2.95404
4879.60000    2.95384
4880.20000    2.95363
4880.80000    2.95342
4881.40000    2.95321
4882.00000    2.95300
4882.60000    2.95280
4883.20000    2.95259
4883.80000    2.95238
4884.40000    2.95217
4885.00000    2.95197
4885.60000    2.95176
4886.20000    2.95155
4886.80000    2.95135
4887.40000    2.95114
4888.00000    2.95093
4888.60000    2.95072
4889.20000    2.95052
4889.80000    2.95031
4890.40000    2.95010
4891.00000    2.94990
4891.60000    2.94969
4892.20000    2.94948
4892.80000    2.94928
4893.40000    2.94907
4894.00000    2.94886
4894.60000    2.94866
4895.20000    2.94845
4895.80000    2.94824
4896.40000    2.94804
4897.00000    2.94783
4897.60000    2.94762
4898.20000    2.94742
4898.80000    2.94721
4899.40000    2.94700
4900.00000    2.94680
4900.60000    2.94659
4901.20000    2.94638
4901.80000    2.94618
4902.40000    2.94597
4903.00000    2.94577
4903.60000    2.94556
4904.20000    2.94535
4904.80000    2.94515
4905.40000    2.94494
4906.00000    2.94474
4906.60000    2.94453
4907.20000    2.94432
4907.80000    2.94412
4908.40000    2.94391
4909.00000    2.94371
4909.60000    2.94350
4910.20000    2.94330
4910.80000    2.94309
4911.40000    2.94288
4912.00000    2.94268
4912.60000    2.94247
4913.20000    2.94227
4913.80000    2.94206
4914.40000    2.94186
4915.00000    2.94165
4915.60000    2.94145
4916.20000    2.94124
4916.80000    2.94104
4917.40000    2.94083
4918.00000    2.94063
4918.60000    2.94042
4919.20000    2.94022
4919.80000    2.94001
4920.40000    2.93981
4921.00000    2.93960
4921.60000    2.93940
4922.20000    2.93919
4922.80000    2.93899
4923.40000    2.93878
4924.00000    2.93858
4924.60000    2.93837
4925.20000    2.93817
4925.80000    2.93796
4926.40000    2.93776
4927.00000    2.93756
4927.60000    2.93735
4928.20000    2.93715
4928.80000    2.93694
4929.40000    2.93674
4930.00000    2.93653
4930.60000    2.93633
4931.20000    2.93613
4931.80000    2.93592
4932.40000    2.93572
4933.00000    2.93551
4933.60000    2.93531
4934.20000    2.93511
4934.80000    2.93490
4935.40000    2.93470
4936.00000    2.93449
4936.60000    2.93429
4937.20000    2.93409
4937.80000    2.93388
4938.40000    2.93368
4939.00000    2.93348
4939.60000    2.93327
4940.20000    2.93307
4940.80000    2.93287
4941.40000    2.93266
4942.00000    2.93246
4942.60000    2.93226
4943.20000    2.93205
4943.80000    2.93185
4944.40000    2.93165
4945.00000    2.93144
4945.60000    2.93124
4946.20000    2.93104
4946.80000    2.93083
4947.40000    2.93063
4948.00000    2.93043
4948.60000    2.93022
4949.20000    2.93002
4949.80000    2.92982
4950.40000    2.92962
4951.00000    2.92941
4951.60000    2.92921
4952.20000    2.92901
4952.80000    2.92881
4953.40000    2.92860
4954.00000    2.92840
4954.60000    2.92820
4955.20000    2.92800
4955.80000    2.92779
4956.40000    2.92759
4957.00000    2.92739
4957.60000    2.92719
4958.20000    2.92698
4958.80000    2.92678
4959.40000    2.92658
4960.00000    2.92638
4960.60000    2.92618
4961.20000    2.92597
4961.80000    2.92577
4962.40000    2.92557
4963.00000    2.92537
4963.60000    2.92517
4964.20000    2.92496
4964.80000    2.92476
4965.40000    2.92456
4966.00000    2.92436
4966.60000    2.92416
4967.20000    2.92396
4967.80000    2.92375
4968.40000    2.92355
4969.00000    2.92335
4969.60000    2.92315
4970.20000    2.92295
4970.80000    2.92275
4971.40000    2.92255
4972.00000    2.92234
4972.60000    2.92214
4973.20000    2.92194
4973.80000    2.92174
4974.40000    2.92154
4975.00000    2.92134
4975.60000    2.92114
4976.20000    2.92094
4976.80000    2.92074
4977.40000    2.92054
4978.00000    2.92033
4978.60000    2.92013
4979.20000    2.91993
4979.80000    2.91973
4980.40000    2.91953
4981.00000    2.91933
4981.60000    2.91913
4982.20000    2.91893
4982.80000    2.91873
4983.40000    2.91853
4984.00000    2.91833
4984.60000    2.91813
4985.20000    2.91793
4985.80000    2.91773
4986.40000    2.91753
4987.00000    2.91733
4987.60000    2.91713
4988.20000    2.91693
4988.80000    2.91673
4989.40000    2.91653
4990.00000    2.91633
4990.60000    2.91613
4991.20000    2.91593
4991.80000    2.91573
4992.40000    2.91553
4993.00000    2.91533
4993.60000    2.91513
4994.20000    2.91493
4994.80000    2.91473
4995.40000    2.91453
4996.00000    2.91433
4996.60000    2.91413
4997.20000    2.91393
4997.80000    2.91373
4998.40000    2.91353
4999.00000    2.91333
4999.60000    2.91313
5000.20000    2.91293
5000.80000    2.91273
5001.40000    2.91254
5002.00000    2.91234
5002.60000    2.91214
5003.20000    2.91194
5003.80000    2.91174
5004.40000    2.91154
5005.00000    2.91134
5005.60000    2.91114
5006.20000    2.91094
5006.80000    2.91074
5007.40000    2.91055
5008.00000    2.91035
5008.60000    2.91015
5009.20000    2.90995
5009.80000    2.90975
5010.40000    2.90955
5011.00000    2.90935
5011.60000    2.90916
5012.20000    2.90896
5012.80000    2.90876
5013.40000    2.90856
5014.00000    2.90836
5014.60000    2.90816
5015.20000    2.90797
5015.80000    2.90777
5016.40000    2.90757
5017.00000    2.90737
5017.60000    2.90717
5018.20000    2.90698
5018.80000    2.90678
5019.40000    2.90658
5020.00000    2.90638
5020.60000    2.90618
5021.20000    2.90599
5021.80000    2.90579
5022.40000    2.90559
5023.00000    2.90539
5023.60000    2.90520
5024.20000    2.90500
5024.80000    2.90480
5025.40000    2.90460
5026.00000    2.90441
5026.60000    2.90421
5027.20000    2.90401
5027.80000    2.90381
5028.40000    2.90362
5029.00000    2.90342
5029.60000    2.90322
5030.20000    2.90302
5030.80000    2.90283
5031.40000    2.90263
5032.00000    2.90243
5032.60000    2.90224
5033.20000    2.90204
5033.80000    2.90184
5034.40000    2.90165
5035.00000    2.90145
5035.60000    2.90125
5036.20000    2.90105
5036.80000    2.90086
5037.40000    2.90066
5038.00000    2.90046
5038.60000    2.90027
5039.20000    2.90007
5039.80000    2.89988
5040.40000    2.89968
5041.00000    2.89948
5041.60000    2.89929
5042.20000    2.89909
5042.80000    2.89889
5043.40000    2.89870
5044.00000    2.89850
5044.60000    2.89831
5045.20000    2.89811
5045.80000    2.89791
5046.40000    2.89772
5047.00000    2.89752
5047.60000    2.89732
5048.20000    2.89713
5048.80000    2.89693
5049.40000    2.89674
5050.00000    2.89654
5050.60000    2.89635
5051.20000    2.89615
5051.80000    2.89595
5052.40000    2.89576
5053.00000    2.89556
5053.60000    2.89537
5054.20000    2.89517
5054.80000    2.89498
5055.40000    2.89478
5056.00000    2.89459
5056.60000    2.89439
5057.20000    2.89420
5057.80000    2.89400
5058.40000    2.89381
5059.00000    2.89361
5059.60000    2.89342
5060.20000    2.89322
5060.80000    2.89303
5061.40000    2.89283
5062.00000    2.89264
5062.60000    2.89244
5063.20000    2.89225
5063.80000    2.89205
5064.40000    2.89186
5065.00000    2.89166
5065.60000    2.89147
5066.20000    2.89127
5066.80000    2.89108
5067.40000    2.89088
5068.00000    2.89069
5068.60000    2.89049
5069.20000    2.89030
5069.80000    2.89011
5070.40000    2.88991
5071.00000    2.88972
5071.60000    2.88952
5072.20000    2.88933
5072.80000    2.88913
5073.40000    2.88894
5074.00000    2.88875
5074.60000    2.88855
5075.20000    2.88836
5075.80000    2.88816
5076.40000    2.88797
5077.00000    2.88778
5077.60000    2.88758
5078.20000    2.88739
5078.80000    2.88719
5079.40000    2.88700
5080.00000    2.88681
5080.60000    2.88661
5081.20000    2.88642
5081.80000    2.88623
5082.40000    2.88603
5083.00000    2.88584
5083.60000    2.88565
5084.20000    2.88545
5084.80000    2.88526
5085.40000    2.88507
5086.00000    2.88487
5086.60000    2.88468
5087.20000    2.88449
5087.80000    2.88429
5088.40000    2.88410
5089.00000    2.88391
5089.60000    2.88371
5090.20000    2.88352
5090.80000    2.88333
5091.40000    2.88314
5092.00000    2.88294
5092.60000    2.88275
5093.20000    2.88256
5093.80000    2.88237
5094.40000    2.88217
5095.00000    2.88198
5095.60000    2.88179
5096.20000    2.88159
5096.80000    2.88140
5097.40000    2.88121
5098.00000    2.88102
5098.60000    2.88083
5099.20000    2.88063
5099.80000    2.88044
5100.40000    2.88025
5101.00000    2.88006
5101.60000    2.87986
5102.20000    2.87967
5102.80000    2.87948
5103.40000    2.87929
5104.00000    2.87910
5104.60000    2.87890
5105.20000    2.87871
5105.80000    2.87852
5106.40000    2.87833
5107.00000    2.87814
5107.60000    2.87795
5108.20000    2.87775
5108.80000    2.87756
5109.40000    2.87737
5110.00000    2.87718
5110.60000    2.87699
5111.20000    2.87680
5111.80000    2.87660
5112.40000    2.87641
5113.00000    2.87622
5113.60000    2.87603
5114.20000    2.87584
5114.80000    2.87565
5115.40000    2.87546
5116.00000    2.87527
5116.60000    2.87507
5117.20000    2.87488
5117.80000    2.87469
5118.40000    2.87450
5119.00000    2.87431
5119.60000    2.87412
5120.20000    2.87393
5120.80000    2.87374
5121.40000    2.87355
5122.00000    2.87336
5122.60000    2.87317
5123.20000    2.87298
5123.80000    2.87279
5124.40000    2.87259
5125.00000    2.87240
5125.60000    2.87221
5126.20000    2.87202
5126.80000    2.87183
5127.40000    2.87164
5128.00000    2.87145
5128.60000    2.87126
5129.20000    2.87107
5129.80000    2.87088
5130.40000    2.87069
5131.00000    2.87050
5131.60000    2.87031
5132.20000    2.87012
5132.80000    2.86993
5133.40000    2.86974
5134.00000    2.86955
5134.60000    2.86936
5135.20000    2.86917
5135.80000    2.86898
5136.40000    2.86879
5137.00000    2.86860
5137.60000    2.86841
5138.20000    2.86822
5138.80000    2.86803
5139.40000    2.86785
5140.00000    2.86766
5140.60000    2.86747
5141.20000    2.86728
5141.80000    2.86709
5142.40000    2.86690
5143.00000    2.86671
5143.60000    2.86652
5144.20000    2.86633
5144.80000    2.86614
5145.40000    2.86595
5146.00000    2.86576
5146.60000    2.86557
5147.20000    2.86539
5147.80000    2.86520
5148.40000    2.86501
5149.00000    2.86482
5149.60000    2.86463
5150.20000    2.86444
5150.80000    2.86425
5151.40000    2.86406
5152.00000    2.86388
5152.60000    2.86369
5153.20000    2.86350
5153.80000    2.86331
5154.40000    2.86312
5155.00000    2.86293
5155.60000    2.86275
5156.20000    2.86256
5156.80000    2.86237
5157.40000    2.86218
5158.00000    2.86199
5158.60000    2.86180
5159.20000    2.86162
5159.80000    2.86143
5160.40000    2.86124
5161.00000    2.86105
5161.60000    2.86086
5162.20000    2.86068
5162.80000    2.86049
5163.40000    2.86030
5164.00000    2.86011
5164.60000    2.85993
5165.20000    2.85974
5165.80000    2.85955
5166.40000    2.85936
5167.00000    2.85918
5167.60000    2.85899
5168.20000    2.85880
5168.80000    2.85861
5169.40000    2.85843
5170.00000    2.85824
5170.60000    2.85805
5171.20000    2.85786
5171.80000    2.85768
5172.40000    2.85749
5173.00000    2.85730
5173.60000    2.85712
5174.20000    2.85693
5174.80000    2.85674
5175.40000    2.85655
5176.00000    2.85637
5176.60000    2.85618
5177.20000    2.85599
5177.80000    2.85581
5178.40000    2.85562
5179.00000    2.85543
5179.60000    2.85525
5180.20000    2.85506
5180.80000    2.85487
5181.40000    2.85469
5182.00000    2.85450
5182.60000    2.85431
5183.20000    2.85413
5183.80000    2.85394
5184.40000    2.85376
5185.00000    2.85357
5185.60000    2.85338
5186.20000    2.85320
5186.80000    2.85301
5187.40000    2.85282
5188.00000    2.85264
5188.60000    2.85245
5189.20000    2.85227
5189.80000    2.85208
5190.40000    2.85189
5191.00000    2.85171
5191.60000    2.85152
5192.20000    2.85134
5192.80000    2.85115
5193.40000    2.85097
5194.00000    2.85078
5194.60000    2.85059
5195.20000    2.85041
5195.80000    2.85022
5196.40000    2.85004
5197.00000    2.84985
5197.60000    2.84967
5198.20000    2.84948
5198.80000    2.84930
5199.40000    2.84911
5200.00000    2.84893
5200.60000    2.84874
5201.20000    2.84856
5201.80000    2.84837
5202.40000    2.84819
5203.00000    2.84800
5203.60000    2.84782
5204.20000    2.84763
5204.80000    2.84745
5205.40000    2.84726
5206.00000    2.84708
5206.60000    2.84689
5207.20000    2.84671
5207.80000    2.84652
5208.40000    2.84634
5209.00000    2.84615
5209.60000    2.84597
5210.20000    2.84578
5210.80000    2.84560
5211.40000    2.84542
5212.00000    2.84523
5212.60000    2.84505
5213.20000    2.84486
5213.80000    2.84468
5214.40000    2.84449
5215.00000    2.84431
5215.60000    2.84413
5216.20000    2.84394
5216.80000    2.84376
5217.40000    2.84357
5218.00000    2.84339
5218.60000    2.84321
5219.20000    2.84302
5219.80000    2.84284
5220.40000    2.84265
5221.00000    2.84247
5221.60000    2.84229
5222.20000    2.84210
5222.80000    2.84192
5223.40000    2.84174
5224.00000    2.84155
5224.60000    2.84137
5225.20000    2.84119
5225.80000    2.84100
5226.40000    2.84082
5227.00000    2.84064
5227.60000    2.84045
5228.20000    2.84027
5228.80000    2.84009
5229.40000    2.83990
5230.00000    2.83972
5230.60000    2.83954
5231.20000    2.83935
5231.80000    2.83917
5232.40000    2.83899
5233.00000    2.83881
5233.60000    2.83862
5234.20000    2.83844
5234.80000    2.83826
5235.40000    2.83807
5236.00000    2.83789
5236.60000    2.83771
5237.20000    2.83753
5237.80000    2.83734
5238.40000    2.83716
5239.00000    2.83698
5239.60000    2.83680
5240.20000    2.83661
5240.80000    2.83643
5241.40000    2.83625
5242.00000    2.83607
5242.60000    2.83588
5243.20000    2.83570
5243.80000    2.83552
5244.40000    2.83534
5245.00000    2.83516
5245.60000    2.83497
5246.20000    2.83479
5246.80000    2.83461
5247.40000    2.83443
5248.00000    2.83425
5248.60000    2.83407
5249.20000    2.83388
5249.80000    2.83370
5250.40000    2.83352
5251.00000    2.83334
5251.60000    2.83316
5252.20000    2.83298
5252.80000    2.83279
5253.40000    2.83261
5254.00000    2.83243
5254.60000    2.83225
5255.20000    2.83207
5255.80000    2.83189
5256.40000    2.83171
5257.00000    2.83152
5257.60000    2.83134
5258.20000    2.83116
5258.80000    2.83098
5259.40000    2.83080
5260.00000    2.83062
5260.60000    2.83044
5261.20000    2.83026
5261.80000    2.83008
5262.40000    2.82990
5263.00000    2.82972
5263.60000    2.82953
5264.20000    2.82935
5264.80000    2.82917
5265.40000    2.82899
5266.00000    2.82881
5266.60000    2.82863
5267.20000    2.82845
5267.80000    2.82827
5268.40000    2.82809
5269.00000    2.82791
5269.60000    2.82773
5270.20000    2.82755
5270.80000    2.82737
5271.40000    2.82719
5272.00000    2.82701
5272.60000    2.82683
5273.20000    2.82665
5273.80000    2.82647
5274.40000    2.82629
5275.00000    2.82611
5275.60000    2.82593
5276.20000    2.82575
5276.80000    2.82557
5277.40000    2.82539
5278.00000    2.82521
5278.60000    2.82503
5279.20000    2.82485
5279.80000    2.82467
5280.40000    2.82449
5281.00000    2.82431
5281.60000    2.82413
5282.20000    2.82395
5282.80000    2.82377
5283.40000    2.82359
5284.00000    2.82341
5284.60000    2.82324
5285.20000    2.82306
5285.80000    2.82288
5286.40000    2.82270
5287.00000    2.82252
5287.60000    2.82234
5288.20000    2.82216
5288.80000    2.82198
5289.40000    2.82180
5290.00000    2.82162
5290.60000    2.82145
5291.20000    2.82127
5291.80000    2.82109
5292.40000    2.82091
5293.00000    2.82073
5293.60000    2.82055
5294.20000    2.82037
5294.80000    2.82019
5295.40000    2.82002
5296.00000    2.81984
5296.60000    2.81966
5297.20000    2.81948
5297.80000    2.81930
5298.40000    2.81912
5299.00000    2.81895
5299.60000    2.81877
5300.20000    2.81859
5300.80000    2.81841
5301.40000    2.81823
5302.00000    2.81806
5302.60000    2.81788
5303.20000    2.81770
5303.80000    2.81752
5304.40000    2.81734
5305.00000    2.81717
5305.60000    2.81699
5306.20000    2.81681
5306.80000    2.81663
5307.40000    2.81646
5308.00000    2.81628
5308.60000    2.81610
5309.20000    2.81592
5309.80000    2.81575
5310.40000    2.81557
5311.00000    2.81539
5311.60000    2.81521
5312.20000    2.81504
5312.80000    2.81486
5313.40000    2.81468
5314.00000    2.81450
5314.60000    2.81433
5315.20000    2.81415
5315.80000    2.81397
5316.40000    2.81380
5317.00000    2.81362
5317.60000    2.81344
5318.20000    2.81327
5318.80000    2.81309
5319.40000    2.81291
5320.00000    2.81273
5320.60000    2.81256
5321.20000    2.81238
5321.80000    2.81220
5322.40000    2.81203
5323.00000    2.81185
5323.60000    2.81168
5324.20000    2.81150
5324.80000    2.81132
5325.40000    2.81115
5326.00000    2.81097
5326.60000    2.81079
5327.20000    2.81062
5327.80000    2.81044
5328.40000    2.81026
5329.00000    2.81009
5329.60000    2.80991
5330.20000    2.80974
5330.80000    2.80956
5331.40000    2.80938
5332.00000    2.80921
5332.60000    2.80903
5333.20000    2.80886
5333.80000    2.80868
5334.40000    2.80851
5335.00000    2.80833
5335.60000    2.80815
5336.20000    2.80798
5336.80000    2.80780
5337.40000    2.80763
5338.00000    2.80745
5338.60000    2.80728
5339.20000    2.80710
5339.80000    2.80693
5340.40000    2.80675
5341.00000    2.80657
5341.60000    2.80640
5342.20000    2.80622
5342.80000    2.80605
5343.40000    2.80587
5344.00000    2.80570
5344.60000    2.80552
5345.20000    2.80535
5345.80000    2.80517
5346.40000    2.80500
5347.00000    2.80482
5347.60000    2.80465
5348.20000    2.80447
5348.80000    2.80430
5349.40000    2.80413
5350.00000    2.80395
5350.60000    2.80378
5351.20000    2.80360
5351.80000    2.80343
5352.40000    2.80325
5353.00000    2.80308
5353.60000    2.80290
5354.20000    2.80273
5354.80000    2.80256
5355.40000    2.80238
5356.00000    2.80221
5356.60000    2.80203
5357.20000    2.80186
5357.80000    2.80168
5358.40000    2.80151
5359.00000    2.80134
5359.60000    2.80116
5360.20000    2.80099
5360.80000    2.80081
5361.40000    2.80064
5362.00000    2.80047
5362.60000    2.80029
5363.20000    2.80012
5363.80000    2.79995
5364.40000    2.79977
5365.00000    2.79960
5365.60000    2.79942
5366.20000    2.79925
5366.80000    2.79908
5367.40000    2.79890
5368.00000    2.79873
5368.60000    2.79856
5369.20000    2.79838
5369.80000    2.79821
5370.40000    2.79804
5371.00000    2.79786
5371.60000    2.79769
5372.20000    2.79752
5372.80000    2.79735
5373.40000    2.79717
5374.00000    2.79700
5374.60000    2.79683
5375.20000    2.79665
5375.80000    2.79648
5376.40000    2.79631
5377.00000    2.79614
5377.60000    2.79596
5378.20000    2.79579
5378.80000    2.79562
5379.40000    2.79545
5380.00000    2.79527
5380.60000    2.79510
5381.20000    2.79493
5381.80000    2.79476
5382.40000    2.79458
5383.00000    2.79441
5383.60000    2.79424
5384.20000    2.79407
5384.80000    2.79389
5385.40000    2.79372
5386.00000    2.79355
5386.60000    2.79338
5387.20000    2.79321
5387.80000    2.79303
5388.40000    2.79286
5389.00000    2.79269
5389.60000    2.79252
5390.20000    2.79235
5390.80000    2.79217
5391.40000    2.79200
5392.00000    2.79183
5392.60000    2.79166
5393.20000    2.79149
5393.80000    2.79132
5394.40000    2.79114
5395.00000    2.79097
5395.60000    2.79080
5396.20000    2.79063
5396.80000    2.79046
5397.40000    2.79029
5398.00000    2.79012
5398.60000    2.78994
5399.20000    2.78977
5399.80000    2.78960
5400.40000    2.78943
5401.00000    2.78926
5401.60000    2.78909
5402.20000    2.78892
5402.80000    2.78875
5403.40000    2.78858
5404.00000    2.78841
5404.60000    2.78824
5405.20000    2.78806
5405.80000    2.78789
5406.40000    2.78772
5407.00000    2.78755
5407.60000    2.78738
5408.20000    2.78721
5408.80000    2.78704
5409.40000    2.78687
5410.00000    2.78670
5410.60000    2.78653
5411.20000    2.78636
5411.80000    2.78619
5412.40000    2.78602
5413.00000    2.78585
5413.60000    2.78568
5414.20000    2.78551
5414.80000    2.78534
5415.40000    2.78517
5416.00000    2.78500
5416.60000    2.78483
5417.20000    2.78466
5417.80000    2.78449
5418.40000    2.78432
5419.00000    2.78415
5419.60000    2.78398
5420.20000    2.78381
5420.80000    2.78364
5421.40000    2.78347
5422.00000    2.78330
5422.60000    2.78313
5423.20000    2.78296
5423.80000    2.78279
5424.40000    2.78262
5425.00000    2.78245
5425.60000    2.78228
5426.20000    2.78211
5426.80000    2.78195
5427.40000    2.78178
5428.00000    2.78161
5428.60000    2.78144
5429.20000    2.78127
5429.80000    2.78110
5430.40000    2.78093
5431.00000    2.78076
5431.60000    2.78059
5432.20000    2.78042
5432.80000    2.78026
5433.40000    2.78009
5434.00000    2.77992
5434.60000    2.77975
5435.20000    2.77958
5435.80000    2.77941
5436.40000    2.77924
5437.00000    2.77907
5437.60000    2.77891
5438.20000    2.77874
5438.80000    2.77857
5439.40000    2.77840
5440.00000    2.77823
5440.60000    2.77806
5441.20000    2.77790
5441.80000    2.77773
5442.40000    2.77756
5443.00000    2.77739
5443.60000    2.77722
5444.20000    2.77706
5444.80000    2.77689
5445.40000    2.77672
5446.00000    2.77655
5446.60000    2.77638
5447.20000    2.77622
5447.80000    2.77605
5448.40000    2.77588
5449.00000    2.77571
5449.60000    2.77555
5450.20000    2.77538
5450.80000    2.77521
5451.40000    2.77504
5452.00000    2.77488
5452.60000    2.77471
5453.20000    2.77454
5453.80000    2.77437
5454.40000    2.77421
5455.00000    2.77404
5455.60000    2.77387
5456.20000    2.77370
5456.80000    2.77354
5457.40000    2.77337
5458.00000    2.77320
5458.60000    2.77304
5459.20000    2.77287
5459.80000    2.77270
5460.40000    2.77254
5461.00000    2.77237
5461.60000    2.77220
5462.20000    2.77203
5462.80000    2.77187
5463.40000    2.77170
5464.00000    2.77153
5464.60000    2.77137
5465.20000    2.77120
5465.80000    2.77104
5466.40000    2.77087
5467.00000    2.77070
5467.60000    2.77054
5468.20000    2.77037
5468.80000    2.77020
5469.40000    2.77004
5470.00000    2.76987
5470.60000    2.76970
5471.20000    2.76954
5471.80000    2.76937
5472.40000    2.76921
5473.00000    2.76904
5473.60000    2.76887
5474.20000    2.76871
5474.80000    2.76854
5475.40000    2.76838
5476.00000    2.76821
5476.60000    2.76805
5477.20000    2.76788
5477.80000    2.76771
5478.40000    2.76755
5479.00000    2.76738
5479.60000    2.76722
5480.20000    2.76705
5480.80000    2.76689
5481.40000    2.76672
5482.00000    2.76656
5482.60000    2.76639
5483.20000    2.76623
5483.80000    2.76606
5484.40000    2.76589
5485.00000    2.76573
5485.60000    2.76556
5486.20000    2.76540
5486.80000    2.76523
5487.40000    2.76507
5488.00000    2.76490
5488.60000    2.76474
5489.20000    2.76457
5489.80000    2.76441
5490.40000    2.76425
5491.00000    2.76408
5491.60000    2.76392
5492.20000    2.76375
5492.80000    2.76359
5493.40000    2.76342
5494.00000    2.76326
5494.60000    2.76309
5495.20000    2.76293
5495.80000    2.76276
5496.40000    2.76260
5497.00000    2.76244
5497.60000    2.76227
5498.20000    2.76211
5498.80000    2.76194
5499.40000    2.76178
5500.00000    2.76162
5500.60000    2.76145
5501.20000    2.76129
5501.80000    2.76112
5502.40000    2.76096
5503.00000    2.76080
5503.60000    2.76063
5504.20000    2.76047
5504.80000    2.76030
5505.40000    2.76014
5506.00000    2.75998
5506.60000    2.75981
5507.20000    2.75965
5507.80000    2.75949
5508.40000    2.75932
5509.00000    2.75916
5509.60000    2.75900
5510.20000    2.75883
5510.80000    2.75867
5511.40000    2.75851
5512.00000    2.75834
5512.60000    2.75818
5513.20000    2.75802
5513.80000    2.75785
5514.40000    2.75769
5515.00000    2.75753
5515.60000    2.75736
5516.20000    2.75720
5516.80000    2.75704
5517.40000    2.75687
5518.00000    2.75671
5518.60000    2.75655
5519.20000    2.75639
5519.80000    2.75622
5520.40000    2.75606
5521.00000    2.75590
5521.60000    2.75574
5522.20000    2.75557
5522.80000    2.75541
5523.40000    2.75525
5524.00000    2.75509
5524.60000    2.75492
5525.20000    2.75476
5525.80000    2.75460
5526.40000    2.75444
5527.00000    2.75427
5527.60000    2.75411
5528.20000    2.75395
5528.80000    2.75379
5529.40000    2.75363
5530.00000    2.75346
5530.60000    2.75330
5531.20000    2.75314
5531.80000    2.75298
5532.40000    2.75282
5533.00000    2.75266
5533.60000    2.75249
5534.20000    2.75233
5534.80000    2.75217
5535.40000    2.75201
5536.00000    2.75185
5536.60000    2.75169
5537.20000    2.75152
5537.80000    2.75136
5538.40000    2.75120
5539.00000    2.75104
5539.60000    2.75088
5540.20000    2.75072
5540.80000    2.75056
5541.40000    2.75040
5542.00000    2.75023
5542.60000    2.75007
5543.20000    2.74991
5543.80000    2.74975
5544.40000    2.74959
5545.00000    2.74943
5545.60000    2.74927
5546.20000    2.74911
5546.80000    2.74895
5547.40000    2.74879
5548.00000    2.74863
5548.60000    2.74846
5549.20000    2.74830
5549.80000    2.74814
5550.40000    2.74798
5551.00000    2.74782
5551.60000    2.74766
5552.20000    2.74750
5552.80000    2.74734
5553.40000    2.74718
5554.00000    2.74702
5554.60000    2.74686
5555.20000    2.74670
5555.80000    2.74654
5556.40000    2.74638
5557.00000    2.74622
5557.60000    2.74606
5558.20000    2.74590
5558.80000    2.74574
5559.40000    2.74558
5560.00000    2.74542
5560.60000    2.74526
5561.20000    2.74510
5561.80000    2.74494
5562.40000    2.74478
5563.00000    2.74462
5563.60000    2.74446
5564.20000    2.74430
5564.80000    2.74414
5565.40000    2.74398
5566.00000    2.74382
5566.60000    2.74366
5567.20000    2.74350
5567.80000    2.74335
5568.40000    2.74319
5569.00000    2.74303
5569.60000    2.74287
5570.20000    2.74271
5570.80000    2.74255
5571.40000    2.74239
5572.00000    2.74223
5572.60000    2.74207
5573.20000    2.74191
5573.80000    2.74175
5574.40000    2.74160
5575.00000    2.74144
5575.60000    2.74128
5576.20000    2.74112
5576.80000    2.74096
5577.40000    2.74080
5578.00000    2.74064
5578.60000    2.74049
5579.20000    2.74033
5579.80000    2.74017
5580.40000    2.74001
5581.00000    2.73985
5581.60000    2.73969
5582.20000    2.73953
5582.80000    2.73938
5583.40000    2.73922
5584.00000    2.73906
5584.60000    2.73890
5585.20000    2.73874
5585.80000    2.73859
5586.40000    2.73843
5587.00000    2.73827
5587.60000    2.73811
5588.20000    2.73795
5588.80000    2.73780
5589.40000    2.73764
5590.00000    2.73748
5590.60000    2.73732
5591.20000    2.73717
5591.80000    2.73701
5592.40000    2.73685
5593.00000    2.73669
5593.60000    2.73653
5594.20000    2.73638
5594.80000    2.73622
5595.40000    2.73606
5596.00000    2.73591
5596.60000    2.73575
5597.20000    2.73559
5597.80000    2.73543
5598.40000    2.73528
5599.00000    2.73512
5599.60000    2.73496
5600.20000    2.73481
5600.80000    2.73465
5601.40000    2.73449
5602.00000    2.73433
5602.60000    2.73418
5603.20000    2.73402
5603.80000    2.73386
5604.40000    2.73371
5605.00000    2.73355
5605.60000    2.73339
5606.20000    2.73324
5606.80000    2.73308
5607.40000    2.73292
5608.00000    2.73277
5608.60000    2.73261
5609.20000    2.73245
5609.80000    2.73230
5610.40000    2.73214
5611.00000    2.73199
5611.60000    2.73183
5612.20000    2.73167
5612.80000    2.73152
5613.40000    2.73136
5614.00000    2.73121
5614.60000    2.73105
5615.20000    2.73089
5615.80000    2.73074
5616.40000    2.73058
5617.00000    2.73043
5617.60000    2.73027
5618.20000    2.73011
5618.80000    2.72996
5619.40000    2.72980
5620.00000    2.72965
5620.60000    2.72949
5621.20000    2.72934
5621.80000    2.72918
5622.40000    2.72902
5623.00000    2.72887
5623.60000    2.72871
5624.20000    2.72856
5624.80000    2.72840
5625.40000    2.72825
5626.00000    2.72809
5626.60000    2.72794
5627.20000    2.72778
5627.80000    2.72763
5628.40000    2.72747
5629.00000    2.72732
5629.60000    2.72716
5630.20000    2.72701
5630.80000    2.72685
5631.40000    2.72670
5632.00000    2.72654
5632.60000    2.72639
5633.20000    2.72623
5633.80000    2.72608
5634.40000    2.72592
5635.00000    2.72577
5635.60000    2.72562
5636.20000    2.72546
5636.80000    2.72531
5637.40000    2.72515
5638.00000    2.72500
5638.60000    2.72484
5639.20000    2.72469
5639.80000    2.72453
5640.40000    2.72438
5641.00000    2.72423
5641.60000    2.72407
5642.20000    2.72392
5642.80000    2.72376
5643.40000    2.72361
5644.00000    2.72346
5644.60000    2.72330
5645.20000    2.72315
5645.80000    2.72299
5646.40000    2.72284
5647.00000    2.72269
5647.60000    2.72253
5648.20000    2.72238
5648.80000    2.72223
5649.40000    2.72207
5650.00000    2.72192
5650.60000    2.72177
5651.20000    2.72161
5651.80000    2.72146
5652.40000    2.72131
5653.00000    2.72115
5653.60000    2.72100
5654.20000    2.72085
5654.80000    2.72069
5655.40000    2.72054
5656.00000    2.72039
5656.60000    2.72023
5657.20000    2.72008
5657.80000    2.71993
5658.40000    2.71977
5659.00000    2.71962
5659.60000    2.71947
5660.20000    2.71932
5660.80000    2.71916
5661.40000    2.71901
5662.00000    2.71886
5662.60000    2.71870
5663.20000    2.71855
5663.80000    2.71840
5664.40000    2.71825
5665.00000    2.71809
5665.60000    2.71794
5666.20000    2.71779
5666.80000    2.71764
5667.40000    2.71748
5668.00000    2.71733
5668.60000    2.71718
5669.20000    2.71703
5669.80000    2.71688
5670.40000    2.71672
5671.00000    2.71657
5671.60000    2.71642
5672.20000    2.71627
5672.80000    2.71612
5673.40000    2.71596
5674.00000    2.71581
5674.60000    2.71566
5675.20000    2.71551
5675.80000    2.71536
5676.40000    2.71521
5677.00000    2.71505
5677.60000    2.71490
5678.20000    2.71475
5678.80000    2.71460
5679.40000    2.71445
5680.00000    2.71430
5680.60000    2.71415
5681.20000    2.71399
5681.80000    2.71384
5682.40000    2.71369
5683.00000    2.71354
5683.60000    2.71339
5684.20000    2.71324
5684.80000    2.71309
5685.40000    2.71294
5686.00000    2.71278
5686.60000    2.71263
5687.20000    2.71248
5687.80000    2.71233
5688.40000    2.71218
5689.00000    2.71203
5689.60000    2.71188
5690.20000    2.71173
5690.80000    2.71158
5691.40000    2.71143
5692.00000    2.71128
5692.60000    2.71113
5693.20000    2.71098
5693.80000    2.71083
5694.40000    2.71068
5695.00000    2.71052
5695.60000    2.71037
5696.20000    2.71022
5696.80000    2.71007
5697.40000    2.70992
5698.00000    2.70977
5698.60000    2.70962
5699.20000    2.70947
5699.80000    2.70932
5700.40000    2.70917
5701.00000    2.70902
5701.60000    2.70887
5702.20000    2.70872
5702.80000    2.70857
5703.40000    2.70842
5704.00000    2.70827
5704.60000    2.70812
5705.20000    2.70798
5705.80000    2.70783
5706.40000    2.70768
5707.00000    2.70753
5707.60000    2.70738
5708.20000    2.70723
5708.80000    2.70708
5709.40000    2.70693
5710.00000    2.70678
5710.60000    2.70663
5711.20000    2.70648
5711.80000    2.70633
5712.40000    2.70618
5713.00000    2.70603
5713.60000    2.70588
5714.20000    2.70574
5714.80000    2.70559
5715.40000    2.70544
5716.00000    2.70529
5716.60000    2.70514
5717.20000    2.70499
5717.80000    2.70484
5718.40000    2.70469
5719.00000    2.70455
5719.60000    2.70440
5720.20000    2.70425
5720.80000    2.70410
5721.40000    2.70395
5722.00000    2.70380
5722.60000    2.70365
5723.20000    2.70351
5723.80000    2.70336
5724.40000    2.70321
5725.00000    2.70306
5725.60000    2.70291
5726.20000    2.70276
5726.80000    2.70262
5727.40000    2.70247
5728.00000    2.70232
5728.60000    2.70217
5729.20000    2.70202
5729.80000    2.70188
5730.40000    2.70173
5731.00000    2.70158
5731.60000    2.70143
5732.20000    2.70128
5732.80000    2.70114
5733.40000    2.70099
5734.00000    2.70084
5734.60000    2.70069
5735.20000    2.70055
5735.80000    2.70040
5736.40000    2.70025
5737.00000    2.70010
5737.60000    2.69996
5738.20000    2.69981
5738.80000    2.69966
5739.40000    2.69952
5740.00000    2.69937
5740.60000    2.69922
5741.20000    2.69907
5741.80000    2.69893
5742.40000    2.69878
5743.00000    2.69863
5743.60000    2.69849
5744.20000    2.69834
5744.80000    2.69819
5745.40000    2.69805
5746.00000    2.69790
5746.60000    2.69775
5747.20000    2.69761
5747.80000    2.69746
5748.40000    2.69731
5749.00000    2.69717
5749.60000    2.69702
5750.20000    2.69687
5750.80000    2.69673
5751.40000    2.69658
5752.00000    2.69643
5752.60000    2.69629
5753.20000    2.69614
5753.80000    2.69599
5754.40000    2.69585
5755.00000    2.69570
5755.60000    2.69556
5756.20000    2.69541
5756.80000    2.69526
5757.40000    2.69512
5758.00000    2.69497
5758.60000    2.69483
5759.20000    2.69468
5759.80000    2.69453
5760.40000    2.69439
5761.00000    2.69424
5761.60000    2.69410
5762.20000    2.69395
5762.80000    2.69381
5763.40000    2.69366
5764.00000    2.69352
5764.60000    2.69337
5765.20000    2.69322
5765.80000    2.69308
5766.40000    2.69293
5767.00000    2.69279
5767.60000    2.69264
5768.20000    2.69250
5768.80000    2.69235
5769.40000    2.69221
5770.00000    2.69206
5770.60000    2.69192
5771.20000    2.69177
5771.80000    2.69163
5772.40000    2.69148
5773.00000    2.69134
5773.60000    2.69119
5774.20000    2.69105
5774.80000    2.69090
5775.40000    2.69076
5776.00000    2.69061
5776.60000    2.69047
5777.20000    2.69032
5777.80000    2.69018
5778.40000    2.69004
5779.00000    2.68989
5779.60000    2.68975
5780.20000    2.68960
5780.80000    2.68946
5781.40000    2.68931
5782.00000    2.68917
5782.60000    2.68903
5783.20000    2.68888
5783.80000    2.68874
5784.40000    2.68859
5785.00000    2.68845
5785.60000    2.68831
5786.20000    2.68816
5786.80000    2.68802
5787.40000    2.68787
5788.00000    2.68773
5788.60000    2.68759
5789.20000    2.68744
5789.80000    2.68730
5790.40000    2.68715
5791.00000    2.68701
5791.60000    2.68687
5792.20000    2.68672
5792.80000    2.68658
5793.40000    2.68644
5794.00000    2.68629
5794.60000    2.68615
5795.20000    2.68601
5795.80000    2.68586
5796.40000    2.68572
5797.00000    2.68558
5797.60000    2.68543
5798.20000    2.68529
5798.80000    2.68515
5799.40000    2.68501
5800.00000    2.68486
5800.60000    2.68472
5801.20000    2.68458
5801.80000    2.68443
5802.40000    2.68429
5803.00000    2.68415
5803.60000    2.68401
5804.20000    2.68386
5804.80000    2.68372
5805.40000    2.68358
5806.00000    2.68344
5806.60000    2.68329
5807.20000    2.68315
5807.80000    2.68301
5808.40000    2.68287
5809.00000    2.68272
5809.60000    2.68258
5810.20000    2.68244
5810.80000    2.68230
5811.40000    2.68215
5812.00000    2.68201
5812.60000    2.68187
5813.20000    2.68173
5813.80000    2.68159
5814.40000    2.68144
5815.00000    2.68130
5815.60000    2.68116
5816.20000    2.68102
5816.80000    2.68088
5817.40000    2.68073
5818.00000    2.68059
5818.60000    2.68045
5819.20000    2.68031
5819.80000    2.68017
5820.40000    2.68003
5821.00000    2.67989
5821.60000    2.67974
5822.20000    2.67960
5822.80000    2.67946
5823.40000    2.67932
5824.00000    2.67918
5824.60000    2.67904
5825.20000    2.67890
5825.80000    2.67875
5826.40000    2.67861
5827.00000    2.67847
5827.60000    2.67833
5828.20000    2.67819
5828.80000    2.67805
5829.40000    2.67791
5830.00000    2.67777
5830.60000    2.67763
5831.20000    2.67749
5831.80000    2.67735
5832.40000    2.67720
5833.00000    2.67706
5833.60000    2.67692
5834.20000    2.67678
5834.80000    2.67664
5835.40000    2.67650
5836.00000    2.67636
5836.60000    2.67622
5837.20000    2.67608
5837.80000    2.67594
5838.40000    2.67580
5839.00000    2.67566
5839.60000    2.67552
5840.20000    2.67538
5840.80000    2.67524
5841.40000    2.67510
5842.00000    2.67496
5842.60000    2.67482
5843.20000    2.67468
5843.80000    2.67454
5844.40000    2.67440
5845.00000    2.67426
5845.60000    2.67412
5846.20000    2.67398
5846.80000    2.67384
5847.40000    2.67370
5848.00000    2.67356
5848.60000    2.67342
5849.20000    2.67328
5849.80000    2.67314
5850.40000    2.67300
5851.00000    2.67286
5851.60000    2.67273
5852.20000    2.67259
5852.80000    2.67245
5853.40000    2.67231
5854.00000    2.67217
5854.60000    2.67203
5855.20000    2.67189
5855.80000    2.67175
5856.40000    2.67161
5857.00000    2.67147
5857.60000    2.67133
5858.20000    2.67120
5858.80000    2.67106
5859.40000    2.67092
5860.00000    2.67078
5860.60000    2.67064
5861.20000    2.67050
5861.80000    2.67036
5862.40000    2.67022
5863.00000    2.67009
5863.60000    2.66995
5864.20000    2.66981
5864.80000    2.66967
5865.40000    2.66953
5866.00000    2.66939
5866.60000    2.66926
5867.20000    2.66912
5867.80000    2.66898
5868.40000    2.66884
5869.00000    2.66870
5869.60000    2.66856
5870.20000    2.66843
5870.80000    2.66829
5871.40000    2.66815
5872.00000    2.66801
5872.60000    2.66788
5873.20000    2.66774
5873.80000    2.66760
5874.40000    2.66746
5875.00000    2.66732
5875.60000    2.66719
5876.20000    2.66705
5876.80000    2.66691
5877.40000    2.66677
5878.00000    2.66664
5878.60000    2.66650
5879.20000    2.66636
5879.80000    2.66622
5880.40000    2.66609
5881.00000    2.66595
5881.60000    2.66581
5882.20000    2.66568
5882.80000    2.66554
5883.40000    2.66540
5884.00000    2.66526
5884.60000    2.66513
5885.20000    2.66499
5885.80000    2.66485
5886.40000    2.66472
5887.00000    2.66458
5887.60000    2.66444
5888.20000    2.66431
5888.80000    2.66417
5889.40000    2.66403
5890.00000    2.66390
5890.60000    2.66376
5891.20000    2.66362
5891.80000    2.66349
5892.40000    2.66335
5893.00000    2.66321
5893.60000    2.66308
5894.20000    2.66294
5894.80000    2.66280
5895.40000    2.66267
5896.00000    2.66253
5896.60000    2.66240
5897.20000    2.66226
5897.80000    2.66212
5898.40000    2.66199
5899.00000    2.66185
5899.60000    2.66172
5900.20000    2.66158
5900.80000    2.66144
5901.40000    2.66131
5902.00000    2.66117
5902.60000    2.66104
5903.20000    2.66090
5903.80000    2.66076
5904.40000    2.66063
5905.00000    2.66049
5905.60000    2.66036
5906.20000    2.66022
5906.80000    2.66009
5907.40000    2.65995
5908.00000    2.65982
5908.60000    2.65968
5909.20000    2.65955
5909.80000    2.65941
5910.40000    2.65928
5911.00000    2.65914
5911.60000    2.65900
5912.20000    2.65887
5912.80000    2.65873
5913.40000    2.65860
5914.00000    2.65846
5914.60000    2.65833
5915.20000    2.65820
5915.80000    2.65806
5916.40000    2.65793
5917.00000    2.65779
5917.60000    2.65766
5918.20000    2.65752
5918.80000    2.65739
5919.40000    2.65725
5920.00000    2.65712
5920.60000    2.65698
5921.20000    2.65685
5921.80000    2.65671
5922.40000    2.65658
5923.00000    2.65645
5923.60000    2.65631
5924.20000    2.65618
5924.80000    2.65604
5925.40000    2.65591
5926.00000    2.65577
5926.60000    2.65564
5927.20000    2.65551
5927.80000    2.65537
5928.40000    2.65524
5929.00000    2.65511
5929.60000    2.65497
5930.20000    2.65484
5930.80000    2.65470
5931.40000    2.65457
5932.00000    2.65444
5932.60000    2.65430
5933.20000    2.65417
5933.80000    2.65404
5934.40000    2.65390
5935.00000    2.65377
5935.60000    2.65364
5936.20000    2.65350
5936.80000    2.65337
5937.40000    2.65324
5938.00000    2.65310
5938.60000    2.65297
5939.20000    2.65284
5939.80000    2.65270
5940.40000    2.65257
5941.00000    2.65244
5941.60000    2.65230
5942.20000    2.65217
5942.80000    2.65204
5943.40000    2.65190
5944.00000    2.65177
5944.60000    2.65164
5945.20000    2.65151
5945.80000    2.65137
5946.40000    2.65124
5947.00000    2.65111
5947.60000    2.65098
5948.20000    2.65084
5948.80000    2.65071
5949.40000    2.65058
5950.00000    2.65045
5950.60000    2.65031
5951.20000    2.65018
5951.80000    2.65005
5952.40000    2.64992
5953.00000    2.64978
5953.60000    2.64965
5954.20000    2.64952
5954.80000    2.64939
5955.40000    2.64926
5956.00000    2.64912
5956.60000    2.64899
5957.20000    2.64886
5957.80000    2.64873
5958.40000    2.64860
5959.00000    2.64846
5959.60000    2.64833
5960.20000    2.64820
5960.80000    2.64807
5961.40000    2.64794
5962.00000    2.64781
5962.60000    2.64767
5963.20000    2.64754
5963.80000    2.64741
5964.40000    2.64728
5965.00000    2.64715
5965.60000    2.64702
5966.20000    2.64689
5966.80000    2.64676
5967.40000    2.64662
5968.00000    2.64649
5968.60000    2.64636
5969.20000    2.64623
5969.80000    2.64610
5970.40000    2.64597
5971.00000    2.64584
5971.60000    2.64571
5972.20000    2.64558
5972.80000    2.64545
5973.40000    2.64531
5974.00000    2.64518
5974.60000    2.64505
5975.20000    2.64492
5975.80000    2.64479
5976.40000    2.64466
5977.00000    2.64453
5977.60000    2.64440
5978.20000    2.64427
5978.80000    2.64414
5979.40000    2.64401
5980.00000    2.64388
5980.60000    2.64375
5981.20000    2.64362
5981.80000    2.64349
5982.40000    2.64336
5983.00000    2.64323
5983.60000    2.64310
5984.20000    2.64297
5984.80000    2.64284
5985.40000    2.64271
5986.00000    2.64258
5986.60000    2.64245
5987.20000    2.64232
5987.80000    2.64219
5988.40000    2.64206
5989.00000    2.64193
5989.60000    2.64180
5990.20000    2.64167
5990.80000    2.64154
5991.40000    2.64141
5992.00000    2.64128
5992.60000    2.64115
5993.20000    2.64102
5993.80000    2.64089
5994.40000    2.64076
5995.00000    2.64064
5995.60000    2.64051
5996.20000    2.64038
5996.80000    2.64025
5997.40000    2.64012
5998.00000    2.63999
5998.60000    2.63986
5999.20000    2.63973
5999.80000    2.63960
6000.40000    2.63947
6001.00000    2.63935
6001.60000    2.63922
6002.20000    2.63909
6002.80000    2.63896
6003.40000    2.63883
6004.00000    2.63870
6004.60000    2.63857
6005.20000    2.63844
6005.80000    2.63832
6006.40000    2.63819
6007.00000    2.63806
6007.60000    2.63793
6008.20000    2.63780
6008.80000    2.63767
6009.40000    2.63755
6010.00000    2.63742
6010.60000    2.63729
6011.20000    2.63716
6011.80000    2.63703
6012.40000    2.63691
6013.00000    2.63678
6013.60000    2.63665
6014.20000    2.63652
6014.80000    2.63639
6015.40000    2.63627
6016.00000    2.63614
6016.60000    2.63601
6017.20000    2.63588
6017.80000    2.63576
6018.40000    2.63563
6019.00000    2.63550
6019.60000    2.63537
6020.20000    2.63525
6020.80000    2.63512
6021.40000    2.63499
6022.00000    2.63486
6022.60000    2.63474
6023.20000    2.63461
6023.80000    2.63448
6024.40000    2.63435
6025.00000    2.63423
6025.60000    2.63410
6026.20000    2.63397
6026.80000    2.63385
6027.40000    2.63372
6028.00000    2.63359
6028.60000    2.63347
6029.20000    2.63334
6029.80000    2.63321
6030.40000    2.63308
6031.00000    2.63296
6031.60000    2.63283
6032.20000    2.63270
6032.80000    2.63258
6033.40000    2.63245
6034.00000    2.63233
6034.60000    2.63220
6035.20000    2.63207
6035.80000    2.63195
6036.40000    2.63182
6037.00000    2.63169
6037.60000    2.63157
6038.20000    2.63144
6038.80000    2.63131
6039.40000    2.63119
6040.00000    2.63106
6040.60000    2.63094
6041.20000    2.63081
6041.80000    2.63068
6042.40000    2.63056
6043.00000    2.63043
6043.60000    2.63031
6044.20000    2.63018
6044.80000    2.63006
6045.40000    2.62993
6046.00000    2.62980
6046.60000    2.62968
6047.20000    2.62955
6047.80000    2.62943
6048.40000    2.62930
6049.00000    2.62918
6049.60000    2.62905
6050.20000    2.62893
6050.80000    2.62880
6051.40000    2.62868
6052.00000    2.62855
6052.60000    2.62842
6053.20000    2.62830
6053.80000    2.62817
6054.40000    2.62805
6055.00000    2.62792
6055.60000    2.62780
6056.20000    2.62767
6056.80000    2.62755
6057.40000    2.62742
6058.00000    2.62730
6058.60000    2.62718
6059.20000    2.62705
6059.80000    2.62693
6060.40000    2.62680
6061.00000    2.62668
6061.60000    2.62655
6062.20000    2.62643
6062.80000    2.62630
6063.40000    2.62618
6064.00000    2.62605
6064.60000    2.62593
6065.20000    2.62581
6065.80000    2.62568
6066.40000    2.62556
6067.00000    2.62543
6067.60000    2.62531
6068.20000    2.62518
6068.80000    2.62506
6069.40000    2.62494
6070.00000    2.62481
6070.60000    2.62469
6071.20000    2.62457
6071.80000    2.62444
6072.40000    2.62432
6073.00000    2.62419
6073.60000    2.62407
6074.20000    2.62395
6074.80000    2.62382
6075.40000    2.62370
6076.00000    2.62358
6076.60000    2.62345
6077.20000    2.62333
6077.80000    2.62321
6078.40000    2.62308
6079.00000    2.62296
6079.60000    2.62284
6080.20000    2.62271
6080.80000    2.62259
6081.40000    2.62247
6082.00000    2.62234
6082.60000    2.62222
6083.20000    2.62210
6083.80000    2.62197
6084.40000    2.62185
6085.00000    2.62173
6085.60000    2.62160
6086.20000    2.62148
6086.80000    2.62136
6087.40000    2.62124
6088.00000    2.62111
6088.60000    2.62099
6089.20000    2.62087
6089.80000    2.62075
6090.40000    2.62062
6091.00000    2.62050
6091.60000    2.62038
6092.20000    2.62026
6092.80000    2.62013
6093.40000    2.62001
6094.00000    2.61989
6094.60000    2.61977
6095.20000    2.61964
6095.80000    2.61952
6096.40000    2.61940
6097.00000    2.61928
6097.60000    2.61916
6098.20000    2.61903
6098.80000    2.61891
6099.40000    2.61879
6100.00000    2.61867
6100.60000    2.61855
6101.20000    2.61843
6101.80000    2.61830
6102.40000    2.61818
6103.00000    2.61806
6103.60000    2.61794
6104.20000    2.61782
6104.80000    2.61770
6105.40000    2.61757
6106.00000    2.61745
6106.60000    2.61733
6107.20000    2.61721
6107.80000    2.61709
6108.40000    2.61697
6109.00000    2.61685
6109.60000    2.61672
6110.20000    2.61660
6110.80000    2.61648
6111.40000    2.61636
6112.00000    2.61624
6112.60000    2.61612
6113.20000    2.61600
6113.80000    2.61588
6114.40000    2.61576
6115.00000    2.61564
6115.60000    2.61552
6116.20000    2.61539
6116.80000    2.61527
6117.40000    2.61515
6118.00000    2.61503
6118.60000    2.61491
6119.20000    2.61479
6119.80000    2.61467
6120.40000    2.61455
6121.00000    2.61443
6121.60000    2.61431
6122.20000    2.61419
6122.80000    2.61407
6123.40000    2.61395
6124.00000    2.61383
6124.60000    2.61371
6125.20000    2.61359
6125.80000    2.61347
6126.40000    2.61335
6127.00000    2.61323
6127.60000    2.61311
6128.20000    2.61299
6128.80000    2.61287
6129.40000    2.61275
6130.00000    2.61263
6130.60000    2.61251
6131.20000    2.61239
6131.80000    2.61227
6132.40000    2.61215
6133.00000    2.61203
6133.60000    2.61191
6134.20000    2.61179
6134.80000    2.61167
6135.40000    2.61155
6136.00000    2.61143
6136.60000    2.61132
6137.20000    2.61120
6137.80000    2.61108
6138.40000    2.61096
6139.00000    2.61084
6139.60000    2.61072
6140.20000    2.61060
6140.80000    2.61048
6141.40000    2.61036
6142.00000    2.61024
6142.60000    2.61013
6143.20000    2.61001
6143.80000    2.60989
6144.40000    2.60977
6145.00000    2.60965
6145.60000    2.60953
6146.20000    2.60941
6146.80000    2.60929
6147.40000    2.60918
6148.00000    2.60906
6148.60000    2.60894
6149.20000    2.60882
6149.80000    2.60870
6150.40000    2.60858
6151.00000    2.60847
6151.60000    2.60835
6152.20000    2.60823
6152.80000    2.60811
6153.40000    2.60799
6154.00000    2.60788
6154.60000    2.60776
6155.20000    2.60764
6155.80000    2.60752
6156.40000    2.60740
6157.00000    2.60729
6157.60000    2.60717
6158.20000    2.60705
6158.80000    2.60693
6159.40000    2.60681
6160.00000    2.60670
6160.60000    2.60658
6161.20000    2.60646
6161.80000    2.60634
6162.40000    2.60623
6163.00000    2.60611
6163.60000    2.60599
6164.20000    2.60587
6164.80000    2.60576
6165.40000    2.60564
6166.00000    2.60552
6166.60000    2.60541
6167.20000    2.60529
6167.80000    2.60517
6168.40000    2.60505
6169.00000    2.60494
6169.60000    2.60482
6170.20000    2.60470
6170.80000    2.60459
6171.40000    2.60447
6172.00000    2.60435
6172.60000    2.60424
6173.20000    2.60412
6173.80000    2.60400
6174.40000    2.60389
6175.00000    2.60377
6175.60000    2.60365
6176.20000    2.60354
6176.80000    2.60342
6177.40000    2.60330
6178.00000    2.60319
6178.60000    2.60307
6179.20000    2.60296
6179.80000    2.60284
6180.40000    2.60272
6181.00000    2.60261
6181.60000    2.60249
6182.20000    2.60237
6182.80000    2.60226
6183.40000    2.60214
6184.00000    2.60203
6184.60000    2.60191
6185.20000    2.60179
6185.80000    2.60168
6186.40000    2.60156
6187.00000    2.60145
6187.60000    2.60133
6188.20000    2.60122
6188.80000    2.60110
6189.40000    2.60098
6190.00000    2.60087
6190.60000    2.60075
6191.20000    2.60064
6191.80000    2.60052
6192.40000    2.60041
6193.00000    2.60029
6193.60000    2.60018
6194.20000    2.60006
6194.80000    2.59995
6195.40000    2.59983
6196.00000    2.59972
6196.60000    2.59960
6197.20000    2.59949
6197.80000    2.59937
6198.40000    2.59926
6199.00000    2.59914
6199.60000    2.59903
6200.20000    2.59891
6200.80000    2.59880
6201.40000    2.59868
6202.00000    2.59857
6202.60000    2.59845
6203.20000    2.59834
6203.80000    2.59822
6204.40000    2.59811
6205.00000    2.59800
6205.60000    2.59788
6206.20000    2.59777
6206.80000    2.59765
6207.40000    2.59754
6208.00000    2.59742
6208.60000    2.59731
6209.20000    2.59720
6209.80000    2.59708
6210.40000    2.59697
6211.00000    2.59685
6211.60000    2.59674
6212.20000    2.59663
6212.80000    2.59651
6213.40000    2.59640
6214.00000    2.59628
6214.60000    2.59617
6215.20000    2.59606
6215.80000    2.59594
6216.40000    2.59583
6217.00000    2.59571
6217.60000    2.59560
6218.20000    2.59549
6218.80000    2.59537
6219.40000    2.59526
6220.00000    2.59515
6220.60000    2.59503
6221.20000    2.59492
6221.80000    2.59481
6222.40000    2.59469
6223.00000    2.59458
6223.60000    2.59447
6224.20000    2.59435
6224.80000    2.59424
6225.40000    2.59413
6226.00000    2.59402
6226.60000    2.59390
6227.20000    2.59379
6227.80000    2.59368
6228.40000    2.59356
6229.00000    2.59345
6229.60000    2.59334
6230.20000    2.59323
6230.80000    2.59311
6231.40000    2.59300
6232.00000    2.59289
6232.60000    2.59278
6233.20000    2.59266
6233.80000    2.59255
6234.40000    2.59244
6235.00000    2.59233
6235.60000    2.59221
6236.20000    2.59210
6236.80000    2.59199
6237.40000    2.59188
6238.00000    2.59177
6238.60000    2.59165
6239.20000    2.59154
6239.80000    2.59143
6240.40000    2.59132
6241.00000    2.59121
6241.60000    2.59109
6242.20000    2.59098
6242.80000    2.59087
6243.40000    2.59076
6244.00000    2.59065
6244.60000    2.59053
6245.20000    2.59042
6245.80000    2.59031
6246.40000    2.59020
6247.00000    2.59009
6247.60000    2.58998
6248.20000    2.58987
6248.80000    2.58975
6249.40000    2.58964
6250.00000    2.58953
6250.60000    2.58942
6251.20000    2.58931
6251.80000    2.58920
6252.40000    2.58909
6253.00000    2.58898
6253.60000    2.58886
6254.20000    2.58875
6254.80000    2.58864
6255.40000    2.58853
6256.00000    2.58842
6256.60000    2.58831
6257.20000    2.58820
6257.80000    2.58809
6258.40000    2.58798
6259.00000    2.58787
6259.60000    2.58776
6260.20000    2.58765
6260.80000    2.58754
6261.40000    2.58742
6262.00000    2.58731
6262.60000    2.58720
6263.20000    2.58709
6263.80000    2.58698
6264.40000    2.58687
6265.00000    2.58676
6265.60000    2.58665
6266.20000    2.58654
6266.80000    2.58643
6267.40000    2.58632
6268.00000    2.58621
6268.60000    2.58610
6269.20000    2.58599
6269.80000    2.58588
6270.40000    2.58577
6271.00000    2.58566
6271.60000    2.58555
6272.20000    2.58544
6272.80000    2.58533
6273.40000    2.58522
6274.00000    2.58511
6274.60000    2.58500
6275.20000    2.58490
6275.80000    2.58479
6276.40000    2.58468
6277.00000    2.58457
6277.60000    2.58446
6278.20000    2.58435
6278.80000    2.58424
6279.40000    2.58413
6280.00000    2.58402
6280.60000    2.58391
6281.20000    2.58380
6281.80000    2.58369
6282.40000    2.58358
6283.00000    2.58348
6283.60000    2.58337
6284.20000    2.58326
6284.80000    2.58315
6285.40000    2.58304
6286.00000    2.58293
6286.60000    2.58282
6287.20000    2.58271
6287.80000    2.58261
6288.40000    2.58250
6289.00000    2.58239
6289.60000    2.58228
6290.20000    2.58217
6290.80000    2.58206
6291.40000    2.58195
6292.00000    2.58185
6292.60000    2.58174
6293.20000    2.58163
6293.80000    2.58152
6294.40000    2.58141
6295.00000    2.58130
6295.60000    2.58120
6296.20000    2.58109
6296.80000    2.58098
6297.40000    2.58087
6298.00000    2.58076
6298.60000    2.58066
6299.20000    2.58055
6299.80000    2.58044
6300.40000    2.58033
6301.00000    2.58023
6301.60000    2.58012
6302.20000    2.58001
6302.80000    2.57990
6303.40000    2.57980
6304.00000    2.57969
6304.60000    2.57958
6305.20000    2.57947
6305.80000    2.57937
6306.40000    2.57926
6307.00000    2.57915
6307.60000    2.57904
6308.20000    2.57894
6308.80000    2.57883
6309.40000    2.57872
6310.00000    2.57862
6310.60000    2.57851
6311.20000    2.57840
6311.80000    2.57829
6312.40000    2.57819
6313.00000    2.57808
6313.60000    2.57797
6314.20000    2.57787
6314.80000    2.57776
6315.40000    2.57765
6316.00000    2.57755
6316.60000    2.57744
6317.20000    2.57733
6317.80000    2.57723
6318.40000    2.57712
6319.00000    2.57701
6319.60000    2.57691
6320.20000    2.57680
6320.80000    2.57670
6321.40000    2.57659
6322.00000    2.57648
6322.60000    2.57638
6323.20000    2.57627
6323.80000    2.57616
6324.40000    2.57606
6325.00000    2.57595
6325.60000    2.57585
6326.20000    2.57574
6326.80000    2.57563
6327.40000    2.57553
6328.00000    2.57542
6328.60000    2.57532
6329.20000    2.57521
6329.80000    2.57511
6330.40000    2.57500
6331.00000    2.57489
6331.60000    2.57479
6332.20000    2.57468
6332.80000    2.57458
6333.40000    2.57447
6334.00000    2.57437
6334.60000    2.57426
6335.20000    2.57416
6335.80000    2.57405
6336.40000    2.57395
6337.00000    2.57384
6337.60000    2.57374
6338.20000    2.57363
6338.80000    2.57353
6339.40000    2.57342
6340.00000    2.57332
6340.60000    2.57321
6341.20000    2.57311
6341.80000    2.57300
6342.40000    2.57290
6343.00000    2.57279
6343.60000    2.57269
6344.20000    2.57258
6344.80000    2.57248
6345.40000    2.57237
6346.00000    2.57227
6346.60000    2.57216
6347.20000    2.57206
6347.80000    2.57196
6348.40000    2.57185
6349.00000    2.57175
6349.60000    2.57164
6350.20000    2.57154
6350.80000    2.57143
6351.40000    2.57133
6352.00000    2.57123
6352.60000    2.57112
6353.20000    2.57102
6353.80000    2.57091
6354.40000    2.57081
6355.00000    2.57071
6355.60000    2.57060
6356.20000    2.57050
6356.80000    2.57039
6357.40000    2.57029
6358.00000    2.57019
6358.60000    2.57008
6359.20000    2.56998
6359.80000    2.56988
6360.40000    2.56977
6361.00000    2.56967
6361.60000    2.56957
6362.20000    2.56946
6362.80000    2.56936
6363.40000    2.56926
6364.00000    2.56915
6364.60000    2.56905
6365.20000    2.56895
6365.80000    2.56884
6366.40000    2.56874
6367.00000    2.56864
6367.60000    2.56853
6368.20000    2.56843
6368.80000    2.56833
6369.40000    2.56822
6370.00000    2.56812
6370.60000    2.56802
6371.20000    2.56792
6371.80000    2.56781
6372.40000    2.56771
6373.00000    2.56761
6373.60000    2.56751
6374.20000    2.56740
6374.80000    2.56730
6375.40000    2.56720
6376.00000    2.56710
6376.60000    2.56699
6377.20000    2.56689
6377.80000    2.56679
6378.40000    2.56669
6379.00000    2.56658
6379.60000    2.56648
6380.20000    2.56638
6380.80000    2.56628
6381.40000    2.56618
6382.00000    2.56607
6382.60000    2.56597
6383.20000    2.56587
6383.80000    2.56577
6384.40000    2.56567
6385.00000    2.56556
6385.60000    2.56546
6386.20000    2.56536
6386.80000    2.56526
6387.40000    2.56516
6388.00000    2.56506
6388.60000    2.56495
6389.20000    2.56485
6389.80000    2.56475
6390.40000    2.56465
6391.00000    2.56455
6391.60000    2.56445
6392.20000    2.56435
6392.80000    2.56425
6393.40000    2.56414
6394.00000    2.56404
6394.60000    2.56394
6395.20000    2.56384
6395.80000    2.56374
6396.40000    2.56364
6397.00000    2.56354
6397.60000    2.56344
6398.20000    2.56334
6398.80000    2.56324
6399.40000    2.56313
6400.00000    2.56303
6400.60000    2.56293
6401.20000    2.56283
6401.80000    2.56273
6402.40000    2.56263
6403.00000    2.56253
6403.60000    2.56243
6404.20000    2.56233
6404.80000    2.56223
6405.40000    2.56213
6406.00000    2.56203
6406.60000    2.56193
6407.20000    2.56183
6407.80000    2.56173
6408.40000    2.56163
6409.00000    2.56153
6409.60000    2.56143
6410.20000    2.56133
6410.80000    2.56123
6411.40000    2.56113
6412.00000    2.56103
6412.60000    2.56093
6413.20000    2.56083
6413.80000    2.56073
6414.40000    2.56063
6415.00000    2.56053
6415.60000    2.56043
6416.20000    2.56033
6416.80000    2.56023
6417.40000    2.56013
6418.00000    2.56003
6418.60000    2.55993
6419.20000    2.55983
6419.80000    2.55973
6420.40000    2.55963
6421.00000    2.55953
6421.60000    2.55944
6422.20000    2.55934
6422.80000    2.55924
6423.40000    2.55914
6424.00000    2.55904
6424.60000    2.55894
6425.20000    2.55884
6425.80000    2.55874
6426.40000    2.55864
6427.00000    2.55854
6427.60000    2.55845
6428.20000    2.55835
6428.80000    2.55825
6429.40000    2.55815
6430.00000    2.55805
6430.60000    2.55795
6431.20000    2.55785
6431.80000    2.55776
6432.40000    2.55766
6433.00000    2.55756
6433.60000    2.55746
6434.20000    2.55736
6434.80000    2.55726
6435.40000    2.55717
6436.00000    2.55707
6436.60000    2.55697
6437.20000    2.55687
6437.80000    2.55677
6438.40000    2.55667
6439.00000    2.55658
6439.60000    2.55648
6440.20000    2.55638
6440.80000    2.55628
6441.40000    2.55619
6442.00000    2.55609
6442.60000    2.55599
6443.20000    2.55589
6443.80000    2.55579
6444.40000    2.55570
6445.00000    2.55560
6445.60000    2.55550
6446.20000    2.55540
6446.80000    2.55531
6447.40000    2.55521
6448.00000    2.55511
6448.60000    2.55501
6449.20000    2.55492
6449.80000    2.55482
6450.40000    2.55472
6451.00000    2.55463
6451.60000    2.55453
6452.20000    2.55443
6452.80000    2.55433
6453.40000    2.55424
6454.00000    2.55414
6454.60000    2.55404
6455.20000    2.55395
6455.80000    2.55385
6456.40000    2.55375
6457.00000    2.55366
6457.60000    2.55356
6458.20000    2.55346
6458.80000    2.55337
6459.40000    2.55327
6460.00000    2.55317
6460.60000    2.55308
6461.20000    2.55298
6461.80000    2.55288
6462.40000    2.55279
6463.00000    2.55269
6463.60000    2.55260
6464.20000    2.55250
6464.80000    2.55240
6465.40000    2.55231
6466.00000    2.55221
6466.60000    2.55211
6467.20000    2.55202
6467.80000    2.55192
6468.40000    2.55183
6469.00000    2.55173
6469.60000    2.55164
6470.20000    2.55154
6470.80000    2.55144
6471.40000    2.55135
6472.00000    2.55125
6472.60000    2.55116
6473.20000    2.55106
6473.80000    2.55097
6474.40000    2.55087
6475.00000    2.55077
6475.60000    2.55068
6476.20000    2.55058
6476.80000    2.55049
6477.40000    2.55039
6478.00000    2.55030
6478.60000    2.55020
6479.20000    2.55011
6479.80000    2.55001
6480.40000    2.54992
6481.00000    2.54982
6481.60000    2.54973
6482.20000    2.54963
6482.80000    2.54954
6483.40000    2.54944
6484.00000    2.54935
6484.60000    2.54925
6485.20000    2.54916
6485.80000    2.54906
6486.40000    2.54897
6487.00000    2.54887
6487.60000    2.54878
6488.20000    2.54869
6488.80000    2.54859
6489.40000    2.54850
6490.00000    2.54840
6490.60000    2.54831
6491.20000    2.54821
6491.80000    2.54812
6492.40000    2.54802
6493.00000    2.54793
6493.60000    2.54784
6494.20000    2.54774
6494.80000    2.54765
6495.40000    2.54755
6496.00000    2.54746
6496.60000    2.54737
6497.20000    2.54727
6497.80000    2.54718
6498.40000    2.54708
6499.00000    2.54699
6499.60000    2.54690
6500.20000    2.54680
6500.80000    2.54671
6501.40000    2.54662
6502.00000    2.54652
6502.60000    2.54643
6503.20000    2.54634
6503.80000    2.54624
6504.40000    2.54615
6505.00000    2.54606
6505.60000    2.54596
6506.20000    2.54587
6506.80000    2.54578
6507.40000    2.54568
6508.00000    2.54559
6508.60000    2.54550
6509.20000    2.54540
6509.80000    2.54531
6510.40000    2.54522
6511.00000    2.54512
6511.60000    2.54503
6512.20000    2.54494
6512.80000    2.54485
6513.40000    2.54475
6514.00000    2.54466
6514.60000    2.54457
6515.20000    2.54448
6515.80000    2.54438
6516.40000    2.54429
6517.00000    2.54420
6517.60000    2.54411
6518.20000    2.54401
6518.80000    2.54392
6519.40000    2.54383
6520.00000    2.54374
6520.60000    2.54364
6521.20000    2.54355
6521.80000    2.54346
6522.40000    2.54337
6523.00000    2.54328
6523.60000    2.54318
6524.20000    2.54309
6524.80000    2.54300
6525.40000    2.54291
6526.00000    2.54282
6526.60000    2.54272
6527.20000    2.54263
6527.80000    2.54254
6528.40000    2.54245
6529.00000    2.54236
6529.60000    2.54227
6530.20000    2.54217
6530.80000    2.54208
6531.40000    2.54199
6532.00000    2.54190
6532.60000    2.54181
6533.20000    2.54172
6533.80000    2.54163
6534.40000    2.54153
6535.00000    2.54144
6535.60000    2.54135
6536.20000    2.54126
6536.80000    2.54117
6537.40000    2.54108
6538.00000    2.54099
6538.60000    2.54090
6539.20000    2.54081
6539.80000    2.54071
6540.40000    2.54062
6541.00000    2.54053
6541.60000    2.54044
6542.20000    2.54035
6542.80000    2.54026
6543.40000    2.54017
6544.00000    2.54008
6544.60000    2.53999
6545.20000    2.53990
6545.80000    2.53981
6546.40000    2.53972
6547.00000    2.53963
6547.60000    2.53954
6548.20000    2.53945
6548.80000    2.53936
6549.40000    2.53927
6550.00000    2.53918
6550.60000    2.53909
6551.20000    2.53900
6551.80000    2.53891
6552.40000    2.53882
6553.00000    2.53873
6553.60000    2.53864
6554.20000    2.53855
6554.80000    2.53846
6555.40000    2.53837
6556.00000    2.53828
6556.60000    2.53819
6557.20000    2.53810
6557.80000    2.53801
6558.40000    2.53792
6559.00000    2.53783
6559.60000    2.53774
6560.20000    2.53765
6560.80000    2.53756
6561.40000    2.53747
6562.00000    2.53738
6562.60000    2.53729
6563.20000    2.53720
6563.80000    2.53711
6564.40000    2.53702
6565.00000    2.53694
6565.60000    2.53685
6566.20000    2.53676
6566.80000    2.53667
6567.40000    2.53658
6568.00000    2.53649
6568.60000    2.53640
6569.20000    2.53631
6569.80000    2.53622
6570.40000    2.53613
6571.00000    2.53605
6571.60000    2.53596
6572.20000    2.53587
6572.80000    2.53578
6573.40000    2.53569
6574.00000    2.53560
6574.60000    2.53551
6575.20000    2.53543
6575.80000    2.53534
6576.40000    2.53525
6577.00000    2.53516
6577.60000    2.53507
6578.20000    2.53499
6578.80000    2.53490
6579.40000    2.53481
6580.00000    2.53472
6580.60000    2.53463
6581.20000    2.53454
6581.80000    2.53446
6582.40000    2.53437
6583.00000    2.53428
6583.60000    2.53419
6584.20000    2.53411
6584.80000    2.53402
6585.40000    2.53393
6586.00000    2.53384
6586.60000    2.53375
6587.20000    2.53367
6587.80000    2.53358
6588.40000    2.53349
6589.00000    2.53340
6589.60000    2.53332
6590.20000    2.53323
6590.80000    2.53314
6591.40000    2.53306
6592.00000    2.53297
6592.60000    2.53288
6593.20000    2.53279
6593.80000    2.53271
6594.40000    2.53262
6595.00000    2.53253
6595.60000    2.53245
6596.20000    2.53236
6596.80000    2.53227
6597.40000    2.53219
6598.00000    2.53210
6598.60000    2.53201
6599.20000    2.53193
6599.80000    2.53184
6600.40000    2.53175
6601.00000    2.53167
6601.60000    2.53158
6602.20000    2.53149
6602.80000    2.53141
6603.40000    2.53132
6604.00000    2.53123
6604.60000    2.53115
6605.20000    2.53106
6605.80000    2.53097
6606.40000    2.53089
6607.00000    2.53080
6607.60000    2.53072
6608.20000    2.53063
6608.80000    2.53054
6609.40000    2.53046
6610.00000    2.53037
6610.60000    2.53029
6611.20000    2.53020
6611.80000    2.53011
6612.40000    2.53003
6613.00000    2.52994
6613.60000    2.52986
6614.20000    2.52977
6614.80000    2.52969
6615.40000    2.52960
6616.00000    2.52951
6616.60000    2.52943
6617.20000    2.52934
6617.80000    2.52926
6618.40000    2.52917
6619.00000    2.52909
6619.60000    2.52900
6620.20000    2.52892
6620.80000    2.52883
6621.40000    2.52875
6622.00000    2.52866
6622.60000    2.52858
6623.20000    2.52849
6623.80000    2.52841
6624.40000    2.52832
6625.00000    2.52824
6625.60000    2.52815
6626.20000    2.52807
6626.80000    2.52798
6627.40000    2.52790
6628.00000    2.52781
6628.60000    2.52773
6629.20000    2.52764
6629.80000    2.52756
6630.40000    2.52747
6631.00000    2.52739
6631.60000    2.52731
6632.20000    2.52722
6632.80000    2.52714
6633.40000    2.52705
6634.00000    2.52697
6634.60000    2.52688
6635.20000    2.52680
6635.80000    2.52672
6636.40000    2.52663
6637.00000    2.52655
6637.60000    2.52646
6638.20000    2.52638
6638.80000    2.52630
6639.40000    2.52621
6640.00000    2.52613
6640.60000    2.52604
6641.20000    2.52596
6641.80000    2.52588
6642.40000    2.52579
6643.00000    2.52571
6643.60000    2.52563
6644.20000    2.52554
6644.80000    2.52546
6645.40000    2.52538
6646.00000    2.52529
6646.60000    2.52521
6647.20000    2.52513
6647.80000    2.52504
6648.40000    2.52496
6649.00000    2.52488
6649.60000    2.52479
6650.20000    2.52471
6650.80000    2.52463
6651.40000    2.52454
6652.00000    2.52446
6652.60000    2.52438
6653.20000    2.52429
6653.80000    2.52421
6654.40000    2.52413
6655.00000    2.52405
6655.60000    2.52396
6656.20000    2.52388
6656.80000    2.52380
6657.40000    2.52371
6658.00000    2.52363
6658.60000    2.52355
6659.20000    2.52347
6659.80000    2.52338
6660.40000    2.52330
6661.00000    2.52322
6661.60000    2.52314
6662.20000    2.52306
6662.80000    2.52297
6663.40000    2.52289
6664.00000    2.52281
6664.60000    2.52273
6665.20000    2.52264
6665.80000    2.52256
6666.40000    2.52248
6667.00000    2.52240
6667.60000    2.52232
6668.20000    2.52224
6668.80000    2.52215
6669.40000    2.52207
6670.00000    2.52199
6670.60000    2.52191
6671.20000    2.52183
6671.80000    2.52174
6672.40000    2.52166
6673.00000    2.52158
6673.60000    2.52150
6674.20000    2.52142
6674.80000    2.52134
6675.40000    2.52126
6676.00000    2.52117
6676.60000    2.52109
6677.20000    2.52101
6677.80000    2.52093
6678.40000    2.52085
6679.00000    2.52077
6679.60000    2.52069
6680.20000    2.52061
6680.80000    2.52053
6681.40000    2.52045
6682.00000    2.52036
6682.60000    2.52028
6683.20000    2.52020
6683.80000    2.52012
6684.40000    2.52004
6685.00000    2.51996
6685.60000    2.51988
6686.20000    2.51980
6686.80000    2.51972
6687.40000    2.51964
6688.00000    2.51956
6688.60000    2.51948
6689.20000    2.51940
6689.80000    2.51932
6690.40000    2.51924
6691.00000    2.51916
6691.60000    2.51908
6692.20000    2.51900
6692.80000    2.51892
6693.40000    2.51884
6694.00000    2.51876
6694.60000    2.51868
6695.20000    2.51860
6695.80000    2.51852
6696.40000    2.51844
6697.00000    2.51836
6697.60000    2.51828
6698.20000    2.51820
6698.80000    2.51812
6699.40000    2.51804
6700.00000    2.51796
6700.60000    2.51788
6701.20000    2.51780
6701.80000    2.51772
6702.40000    2.51764
6703.00000    2.51756
6703.60000    2.51748
6704.20000    2.51740
6704.80000    2.51732
6705.40000    2.51724
6706.00000    2.51716
6706.60000    2.51708
6707.20000    2.51701
6707.80000    2.51693
6708.40000    2.51685
6709.00000    2.51677
6709.60000    2.51669
6710.20000    2.51661
6710.80000    2.51653
6711.40000    2.51645
6712.00000    2.51637
6712.60000    2.51630
6713.20000    2.51622
6713.80000    2.51614
6714.40000    2.51606
6715.00000    2.51598
6715.60000    2.51590
6716.20000    2.51582
6716.80000    2.51575
6717.40000    2.51567
6718.00000    2.51559
6718.60000    2.51551
6719.20000    2.51543
6719.80000    2.51535
6720.40000    2.51528
6721.00000    2.51520
6721.60000    2.51512
6722.20000    2.51504
6722.80000    2.51496
6723.40000    2.51489
6724.00000    2.51481
6724.60000    2.51473
6725.20000    2.51465
6725.80000    2.51457
6726.40000    2.51450
6727.00000    2.51442
6727.60000    2.51434
6728.20000    2.51426
6728.80000    2.51419
6729.40000    2.51411
6730.00000    2.51403
6730.60000    2.51395
6731.20000    2.51388
6731.80000    2.51380
6732.40000    2.51372
6733.00000    2.51364
6733.60000    2.51357
6734.20000    2.51349
6734.80000    2.51341
6735.40000    2.51333
6736.00000    2.51326
6736.60000    2.51318
6737.20000    2.51310
6737.80000    2.51303
6738.40000    2.51295
6739.00000    2.51287
6739.60000    2.51280
6740.20000    2.51272
6740.80000    2.51264
6741.40000    2.51257
6742.00000    2.51249
6742.60000    2.51241
6743.20000    2.51234
6743.80000    2.51226
6744.40000    2.51218
6745.00000    2.51211
6745.60000    2.51203
6746.20000    2.51195
6746.80000    2.51188
6747.40000    2.51180
6748.00000    2.51173
6748.60000    2.51165
6749.20000    2.51157
6749.80000    2.51150
6750.40000    2.51142
6751.00000    2.51134
6751.60000    2.51127
6752.20000    2.51119
6752.80000    2.51112
6753.40000    2.51104
6754.00000    2.51097
6754.60000    2.51089
6755.20000    2.51081
6755.80000    2.51074
6756.40000    2.51066
6757.00000    2.51059
6757.60000    2.51051
6758.20000    2.51044
6758.80000    2.51036
6759.40000    2.51028
6760.00000    2.51021
6760.60000    2.51013
6761.20000    2.51006
6761.80000    2.50998
6762.40000    2.50991
6763.00000    2.50983
6763.60000    2.50976
6764.20000    2.50968
6764.80000    2.50961
6765.40000    2.50953
6766.00000    2.50946
6766.60000    2.50938
6767.20000    2.50931
6767.80000    2.50923
6768.40000    2.50916
6769.00000    2.50908
6769.60000    2.50901
6770.20000    2.50893
6770.80000    2.50886
6771.40000    2.50878
6772.00000    2.50871
6772.60000    2.50864
6773.20000    2.50856
6773.80000    2.50849
6774.40000    2.50841
6775.00000    2.50834
6775.60000    2.50826
6776.20000    2.50819
6776.80000    2.50812
6777.40000    2.50804
6778.00000    2.50797
6778.60000    2.50789
6779.20000    2.50782
6779.80000    2.50775
6780.40000    2.50767
6781.00000    2.50760
6781.60000    2.50752
6782.20000    2.50745
6782.80000    2.50738
6783.40000    2.50730
6784.00000    2.50723
6784.60000    2.50715
6785.20000    2.50708
6785.80000    2.50701
6786.40000    2.50693
6787.00000    2.50686
6787.60000    2.50679
6788.20000    2.50671
6788.80000    2.50664
6789.40000    2.50657
6790.00000    2.50649
6790.60000    2.50642
6791.20000    2.50635
6791.80000    2.50627
6792.40000    2.50620
6793.00000    2.50613
6793.60000    2.50605
6794.20000    2.50598
6794.80000    2.50591
6795.40000    2.50584
6796.00000    2.50576
6796.60000    2.50569
6797.20000    2.50562
6797.80000    2.50554
6798.40000    2.50547
6799.00000    2.50540
6799.60000    2.50533
6800.20000    2.50525
6800.80000    2.50518
6801.40000    2.50511
6802.00000    2.50504
6802.60000    2.50496
6803.20000    2.50489
6803.80000    2.50482
6804.40000    2.50475
6805.00000    2.50468
6805.60000    2.50460
6806.20000    2.50453
6806.80000    2.50446
6807.40000    2.50439
6808.00000    2.50431
6808.60000    2.50424
6809.20000    2.50417
6809.80000    2.50410
6810.40000    2.50403
6811.00000    2.50396
6811.60000    2.50388
6812.20000    2.50381
6812.80000    2.50374
6813.40000    2.50367
6814.00000    2.50360
6814.60000    2.50353
6815.20000    2.50345
6815.80000    2.50338
6816.40000    2.50331
6817.00000    2.50324
6817.60000    2.50317
6818.20000    2.50310
6818.80000    2.50303
6819.40000    2.50295
6820.00000    2.50288
6820.60000    2.50281
6821.20000    2.50274
6821.80000    2.50267
6822.40000    2.50260
6823.00000    2.50253
6823.60000    2.50246
6824.20000    2.50239
6824.80000    2.50232
6825.40000    2.50224
6826.00000    2.50217
6826.60000    2.50210
6827.20000    2.50203
6827.80000    2.50196
6828.40000    2.50189
6829.00000    2.50182
6829.60000    2.50175
6830.20000    2.50168
6830.80000    2.50161
6831.40000    2.50154
6832.00000    2.50147
6832.60000    2.50140
6833.20000    2.50133
6833.80000    2.50126
6834.40000    2.50119
6835.00000    2.50112
6835.60000    2.50105
6836.20000    2.50098
6836.80000    2.50091
6837.40000    2.50084
6838.00000    2.50077
6838.60000    2.50070
6839.20000    2.50063
6839.80000    2.50056
6840.40000    2.50049
6841.00000    2.50042
6841.60000    2.50035
6842.20000    2.50028
6842.80000    2.50021
6843.40000    2.50014
6844.00000    2.50007
6844.60000    2.50000
6845.20000    2.49993
6845.80000    2.49986
6846.40000    2.49979
6847.00000    2.49972
6847.60000    2.49966
6848.20000    2.49959
6848.80000    2.49952
6849.40000    2.49945
6850.00000    2.49938
6850.60000    2.49931
6851.20000    2.49924
6851.80000    2.49917
6852.40000    2.49910
6853.00000    2.49903
6853.60000    2.49897
6854.20000    2.49890
6854.80000    2.49883
6855.40000    2.49876
6856.00000    2.49869
6856.60000    2.49862
6857.20000    2.49855
6857.80000    2.49848
6858.40000    2.49842
6859.00000    2.49835
6859.60000    2.49828
6860.20000    2.49821
6860.80000    2.49814
6861.40000    2.49807
6862.00000    2.49801
6862.60000    2.49794
6863.20000    2.49787
6863.80000    2.49780
6864.40000    2.49773
6865.00000    2.49767
6865.60000    2.49760
6866.20000    2.49753
6866.80000    2.49746
6867.40000    2.49739
6868.00000    2.49733
6868.60000    2.49726
6869.20000    2.49719
6869.80000    2.49712
6870.40000    2.49706
6871.00000    2.49699
6871.60000    2.49692
6872.20000    2.49685
6872.80000    2.49679
6873.40000    2.49672
6874.00000    2.49665
6874.60000    2.49658
6875.20000    2.49652
6875.80000    2.49645
6876.40000    2.49638
6877.00000    2.49632
6877.60000    2.49625
6878.20000    2.49618
6878.80000    2.49611
6879.40000    2.49605
6880.00000    2.49598
6880.60000    2.49591
6881.20000    2.49585
6881.80000    2.49578
6882.40000    2.49571
6883.00000    2.49565
6883.60000    2.49558
6884.20000    2.49551
6884.80000    2.49545
6885.40000    2.49538
6886.00000    2.49531
6886.60000    2.49525
6887.20000    2.49518
6887.80000    2.49511
6888.40000    2.49505
6889.00000    2.49498
6889.60000    2.49491
6890.20000    2.49485
6890.80000    2.49478
6891.40000    2.49472
6892.00000    2.49465
6892.60000    2.49458
6893.20000    2.49452
6893.80000    2.49445
6894.40000    2.49439
6895.00000    2.49432
6895.60000    2.49425
6896.20000    2.49419
6896.80000    2.49412
6897.40000    2.49406
6898.00000    2.49399
6898.60000    2.49393
6899.20000    2.49386
6899.80000    2.49379
6900.40000    2.49373
6901.00000    2.49366
6901.60000    2.49360
6902.20000    2.49353
6902.80000    2.49347
6903.40000    2.49340
6904.00000    2.49334
6904.60000    2.49327
6905.20000    2.49321
6905.80000    2.49314
6906.40000    2.49308
6907.00000    2.49301
6907.60000    2.49295
6908.20000    2.49288
6908.80000    2.49282
6909.40000    2.49275
6910.00000    2.49269
6910.60000    2.49262
6911.20000    2.49256
6911.80000    2.49249
6912.40000    2.49243
6913.00000    2.49236
6913.60000    2.49230
6914.20000    2.49223
6914.80000    2.49217
6915.40000    2.49210
6916.00000    2.49204
6916.60000    2.49198
6917.20000    2.49191
6917.80000    2.49185
6918.40000    2.49178
6919.00000    2.49172
6919.60000    2.49165
6920.20000    2.49159
6920.80000    2.49153
6921.40000    2.49146
6922.00000    2.49140
6922.60000    2.49133
6923.20000    2.49127
6923.80000    2.49121
6924.40000    2.49114
6925.00000    2.49108
6925.60000    2.49102
6926.20000    2.49095
6926.80000    2.49089
6927.40000    2.49082
6928.00000    2.49076
6928.60000    2.49070
6929.20000    2.49063
6929.80000    2.49057
6930.40000    2.49051
6931.00000    2.49044
6931.60000    2.49038
6932.20000    2.49032
6932.80000    2.49025
6933.40000    2.49019
6934.00000    2.49013
6934.60000    2.49006
6935.20000    2.49000
6935.80000    2.48994
6936.40000    2.48988
6937.00000    2.48981
6937.60000    2.48975
6938.20000    2.48969
6938.80000    2.48962
6939.40000    2.48956
6940.00000    2.48950
6940.60000    2.48944
6941.20000    2.48937
6941.80000    2.48931
6942.40000    2.48925
6943.00000    2.48919
6943.60000    2.48912
6944.20000    2.48906
6944.80000    2.48900
6945.40000    2.48894
6946.00000    2.48887
6946.60000    2.48881
6947.20000    2.48875
6947.80000    2.48869
6948.40000    2.48863
6949.00000    2.48856
6949.60000    2.48850
6950.20000    2.48844
6950.80000    2.48838
6951.40000    2.48832
6952.00000    2.48825
6952.60000    2.48819
6953.20000    2.48813
6953.80000    2.48807
6954.40000    2.48801
6955.00000    2.48794
6955.60000    2.48788
6956.20000    2.48782
6956.80000    2.48776
6957.40000    2.48770
6958.00000    2.48764
6958.60000    2.48758
6959.20000    2.48751
6959.80000    2.48745
6960.40000    2.48739
6961.00000    2.48733
6961.60000    2.48727
6962.20000    2.48721
6962.80000    2.48715
6963.40000    2.48709
6964.00000    2.48702
6964.60000    2.48696
6965.20000    2.48690
6965.80000    2.48684
6966.40000    2.48678
6967.00000    2.48672
6967.60000    2.48666
6968.20000    2.48660
6968.80000    2.48654
6969.40000    2.48648
6970.00000    2.48642
6970.60000    2.48636
6971.20000    2.48630
6971.80000    2.48624
6972.40000    2.48617
6973.00000    2.48611
6973.60000    2.48605
6974.20000    2.48599
6974.80000    2.48593
6975.40000    2.48587
6976.00000    2.48581
6976.60000    2.48575
6977.20000    2.48569
6977.80000    2.48563
6978.40000    2.48557
6979.00000    2.48551
6979.60000    2.48545
6980.20000    2.48539
6980.80000    2.48533
6981.40000    2.48527
6982.00000    2.48521
6982.60000    2.48515
6983.20000    2.48509
6983.80000    2.48503
6984.40000    2.48497
6985.00000    2.48492
6985.60000    2.48486
6986.20000    2.48480
6986.80000    2.48474
6987.40000    2.48468
6988.00000    2.48462
6988.60000    2.48456
6989.20000    2.48450
6989.80000    2.48444
6990.40000    2.48438
6991.00000    2.48432
6991.60000    2.48426
6992.20000    2.48420
6992.80000    2.48414
6993.40000    2.48409
6994.00000    2.48403
6994.60000    2.48397
6995.20000    2.48391
6995.80000    2.48385
6996.40000    2.48379
6997.00000    2.48373
6997.60000    2.48367
6998.20000    2.48362
6998.80000    2.48356
6999.40000    2.48350
7000.00000    2.48344
7000.60000    2.48338
7001.20000    2.48332
7001.80000    2.48326
7002.40000    2.48321
7003.00000    2.48315
7003.60000    2.48309
7004.20000    2.48303
7004.80000    2.48297
7005.40000    2.48292
7006.00000    2.48286
7006.60000    2.48280
7007.20000    2.48274
7007.80000    2.48268
7008.40000    2.48263
7009.00000    2.48257
7009.60000    2.48251
7010.20000    2.48245
7010.80000    2.48239
7011.40000    2.48234
7012.00000    2.48228
7012.60000    2.48222
7013.20000    2.48216
7013.80000    2.48211
7014.40000    2.48205
7015.00000    2.48199
7015.60000    2.48193
7016.20000    2.48188
7016.80000    2.48182
7017.40000    2.48176
7018.00000    2.48170
7018.60000    2.48165
7019.20000    2.48159
7019.80000    2.48153
7020.40000    2.48148
7021.00000    2.48142
7021.60000    2.48136
7022.20000    2.48131
7022.80000    2.48125
7023.40000    2.48119
7024.00000    2.48113
7024.60000    2.48108
7025.20000    2.48102
7025.80000    2.48096
7026.40000    2.48091
7027.00000    2.48085
7027.60000    2.48079
7028.20000    2.48074
7028.80000    2.48068
7029.40000    2.48063
7030.00000    2.48057
7030.60000    2.48051
7031.20000    2.48046
7031.80000    2.48040
7032.40000    2.48034
7033.00000    2.48029
7033.60000    2.48023
7034.20000    2.48018
7034.80000    2.48012
7035.40000    2.48006
7036.00000    2.48001
7036.60000    2.47995
7037.20000    2.47990
7037.80000    2.47984
7038.40000    2.47978
7039.00000    2.47973
7039.60000    2.47967
7040.20000    2.47962
7040.80000    2.47956
7041.40000    2.47951
7042.00000    2.47945
7042.60000    2.47939
7043.20000    2.47934
7043.80000    2.47928
7044.40000    2.47923
7045.00000    2.47917
7045.60000    2.47912
7046.20000    2.47906
7046.80000    2.47901
7047.40000    2.47895
7048.00000    2.47890
7048.60000    2.47884
7049.20000    2.47879
7049.80000    2.47873
7050.40000    2.47868
7051.00000    2.47862
7051.60000    2.47857
7052.20000    2.47851
7052.80000    2.47846
7053.40000    2.47840
7054.00000    2.47835
7054.60000    2.47829
7055.20000    2.47824
7055.80000    2.47818
7056.40000    2.47813
7057.00000    2.47808
7057.60000    2.47802
7058.20000    2.47797
7058.80000    2.47791
7059.40000    2.47786
7060.00000    2.47780
7060.60000    2.47775
7061.20000    2.47770
7061.80000    2.47764
7062.40000    2.47759
7063.00000    2.47753
7063.60000    2.47748
7064.20000    2.47742
7064.80000    2.47737
7065.40000    2.47732
7066.00000    2.47726
7066.60000    2.47721
7067.20000    2.47716
7067.80000    2.47710
7068.40000    2.47705
7069.00000    2.47699
7069.60000    2.47694
7070.20000    2.47689
7070.80000    2.47683
7071.40000    2.47678
7072.00000    2.47673
7072.60000    2.47667
7073.20000    2.47662
7073.80000    2.47657
7074.40000    2.47651
7075.00000    2.47646
7075.60000    2.47641
7076.20000    2.47635
7076.80000    2.47630
7077.40000    2.47625
7078.00000    2.47620
7078.60000    2.47614
7079.20000    2.47609
7079.80000    2.47604
7080.40000    2.47598
7081.00000    2.47593
7081.60000    2.47588
7082.20000    2.47583
7082.80000    2.47577
7083.40000    2.47572
7084.00000    2.47567
7084.60000    2.47561
7085.20000    2.47556
7085.80000    2.47551
7086.40000    2.47546
7087.00000    2.47540
7087.60000    2.47535
7088.20000    2.47530
7088.80000    2.47525
7089.40000    2.47520
7090.00000    2.47514
7090.60000    2.47509
7091.20000    2.47504
7091.80000    2.47499
7092.40000    2.47494
7093.00000    2.47488
7093.60000    2.47483
7094.20000    2.47478
7094.80000    2.47473
7095.40000    2.47468
7096.00000    2.47462
7096.60000    2.47457
7097.20000    2.47452
7097.80000    2.47447
7098.40000    2.47442
7099.00000    2.47437
7099.60000    2.47431
7100.20000    2.47426
7100.80000    2.47421
7101.40000    2.47416
7102.00000    2.47411
7102.60000    2.47406
7103.20000    2.47401
7103.80000    2.47396
7104.40000    2.47390
7105.00000    2.47385
7105.60000    2.47380
7106.20000    2.47375
7106.80000    2.47370
7107.40000    2.47365
7108.00000    2.47360
7108.60000    2.47355
7109.20000    2.47350
7109.80000    2.47345
7110.40000    2.47340
7111.00000    2.47334
7111.60000    2.47329
7112.20000    2.47324
7112.80000    2.47319
7113.40000    2.47314
7114.00000    2.47309
7114.60000    2.47304
7115.20000    2.47299
7115.80000    2.47294
7116.40000    2.47289
7117.00000    2.47284
7117.60000    2.47279
7118.20000    2.47274
7118.80000    2.47269
7119.40000    2.47264
7120.00000    2.47259
7120.60000    2.47254
7121.20000    2.47249
7121.80000    2.47244
7122.40000    2.47239
7123.00000    2.47234
7123.60000    2.47229
7124.20000    2.47224
7124.80000    2.47219
7125.40000    2.47214
7126.00000    2.47209
7126.60000    2.47204
7127.20000    2.47199
7127.80000    2.47194
7128.40000    2.47189
7129.00000    2.47184
7129.60000    2.47179
7130.20000    2.47175
7130.80000    2.47170
7131.40000    2.47165
7132.00000    2.47160
7132.60000    2.47155
7133.20000    2.47150
7133.80000    2.47145
7134.40000    2.47140
7135.00000    2.47135
7135.60000    2.47130
7136.20000    2.47125
7136.80000    2.47121
7137.40000    2.47116
7138.00000    2.47111
7138.60000    2.47106
7139.20000    2.47101
7139.80000    2.47096
7140.40000    2.47091
7141.00000    2.47086
7141.60000    2.47082
7142.20000    2.47077
7142.80000    2.47072
7143.40000    2.47067
7144.00000    2.47062
7144.60000    2.47057
7145.20000    2.47053
7145.80000    2.47048
7146.40000    2.47043
7147.00000    2.47038
7147.60000    2.47033
7148.20000    2.47028
7148.80000    2.47024
7149.40000    2.47019
7150.00000    2.47014
7150.60000    2.47009
7151.20000    2.47005
7151.80000    2.47000
7152.40000    2.46995
7153.00000    2.46990
7153.60000    2.46985
7154.20000    2.46981
7154.80000    2.46976
7155.40000    2.46971
7156.00000    2.46966
7156.60000    2.46962
7157.20000    2.46957
7157.80000    2.46952
7158.40000    2.46947
7159.00000    2.46943
7159.60000    2.46938
7160.20000    2.46933
7160.80000    2.46929
7161.40000    2.46924
7162.00000    2.46919
7162.60000    2.46914
7163.20000    2.46910
7163.80000    2.46905
7164.40000    2.46900
7165.00000    2.46896
7165.60000    2.46891
7166.20000    2.46886
7166.80000    2.46882
7167.40000    2.46877
7168.00000    2.46872
7168.60000    2.46868
7169.20000    2.46863
7169.80000    2.46858
7170.40000    2.46854
7171.00000    2.46849
7171.60000    2.46844
7172.20000    2.46840
7172.80000    2.46835
7173.40000    2.46830
7174.00000    2.46826
7174.60000    2.46821
7175.20000    2.46817
7175.80000    2.46812
7176.40000    2.46807
7177.00000    2.46803
7177.60000    2.46798
7178.20000    2.46794
7178.80000    2.46789
7179.40000    2.46784
7180.00000    2.46780
7180.60000    2.46775
7181.20000    2.46771
7181.80000    2.46766
7182.40000    2.46761
7183.00000    2.46757
7183.60000    2.46752
7184.20000    2.46748
7184.80000    2.46743
7185.40000    2.46739
7186.00000    2.46734
7186.60000    2.46730
7187.20000    2.46725
7187.80000    2.46721
7188.40000    2.46716
7189.00000    2.46712
7189.60000    2.46707
7190.20000    2.46703
7190.80000    2.46698
7191.40000    2.46694
7192.00000    2.46689
7192.60000    2.46685
7193.20000    2.46680
7193.80000    2.46676
7194.40000    2.46671
7195.00000    2.46667
7195.60000    2.46662
7196.20000    2.46658
7196.80000    2.46653
7197.40000    2.46649
7198.00000    2.46644
7198.60000    2.46640
7199.20000    2.46635
7199.80000    2.46631
7200.40000    2.46626
7201.00000    2.46622
7201.60000    2.46618
7202.20000    2.46613
7202.80000    2.46609
7203.40000    2.46604
7204.00000    2.46600
7204.60000    2.46596
7205.20000    2.46591
7205.80000    2.46587
7206.40000    2.46582
7207.00000    2.46578
7207.60000    2.46574
7208.20000    2.46569
7208.80000    2.46565
7209.40000    2.46560
7210.00000    2.46556
7210.60000    2.46552
7211.20000    2.46547
7211.80000    2.46543
7212.40000    2.46539
7213.00000    2.46534
7213.60000    2.46530
7214.20000    2.46526
7214.80000    2.46521
7215.40000    2.46517
7216.00000    2.46513
7216.60000    2.46508
7217.20000    2.46504
7217.80000    2.46500
7218.40000    2.46495
7219.00000    2.46491
7219.60000    2.46487
7220.20000    2.46482
7220.80000    2.46478
7221.40000    2.46474
7222.00000    2.46469
7222.60000    2.46465
7223.20000    2.46461
7223.80000    2.46457
7224.40000    2.46452
7225.00000    2.46448
7225.60000    2.46444
7226.20000    2.46440
7226.80000    2.46435
7227.40000    2.46431
7228.00000    2.46427
7228.60000    2.46423
7229.20000    2.46418
7229.80000    2.46414
7230.40000    2.46410
7231.00000    2.46406
7231.60000    2.46401
7232.20000    2.46397
7232.80000    2.46393
7233.40000    2.46389
7234.00000    2.46385
7234.60000    2.46380
7235.20000    2.46376
7235.80000    2.46372
7236.40000    2.46368
7237.00000    2.46364
7237.60000    2.46360
7238.20000    2.46355
7238.80000    2.46351
7239.40000    2.46347
7240.00000    2.46343
7240.60000    2.46339
7241.20000    2.46335
7241.80000    2.46330
7242.40000    2.46326
7243.00000    2.46322
7243.60000    2.46318
7244.20000    2.46314
7244.80000    2.46310
7245.40000    2.46306
7246.00000    2.46301
7246.60000    2.46297
7247.20000    2.46293
7247.80000    2.46289
7248.40000    2.46285
7249.00000    2.46281
7249.60000    2.46277
7250.20000    2.46273
7250.80000    2.46269
7251.40000    2.46265
7252.00000    2.46261
7252.60000    2.46256
7253.20000    2.46252
7253.80000    2.46248
7254.40000    2.46244
7255.00000    2.46240
7255.60000    2.46236
7256.20000    2.46232
7256.80000    2.46228
7257.40000    2.46224
7258.00000    2.46220
7258.60000    2.46216
7259.20000    2.46212
7259.80000    2.46208
7260.40000    2.46204
7261.00000    2.46200
7261.60000    2.46196
7262.20000    2.46192
7262.80000    2.46188
7263.40000    2.46184
7264.00000    2.46180
7264.60000    2.46176
7265.20000    2.46172
7265.80000    2.46168
7266.40000    2.46164
7267.00000    2.46160
7267.60000    2.46156
7268.20000    2.46152
7268.80000    2.46148
7269.40000    2.46144
7270.00000    2.46140
7270.60000    2.46136
7271.20000    2.46132
7271.80000    2.46128
7272.40000    2.46124
7273.00000    2.46121
7273.60000    2.46117
7274.20000    2.46113
7274.80000    2.46109
7275.40000    2.46105
7276.00000    2.46101
7276.60000    2.46097
7277.20000    2.46093
7277.80000    2.46089
7278.40000    2.46085
7279.00000    2.46081
7279.60000    2.46078
7280.20000    2.46074
7280.80000    2.46070
7281.40000    2.46066
7282.00000    2.46062
7282.60000    2.46058
7283.20000    2.46054
7283.80000    2.46051
7284.40000    2.46047
7285.00000    2.46043
7285.60000    2.46039
7286.20000    2.46035
7286.80000    2.46031
7287.40000    2.46028
7288.00000    2.46024
7288.60000    2.46020
7289.20000    2.46016
7289.80000    2.46012
7290.40000    2.46008
7291.00000    2.46005
7291.60000    2.46001
7292.20000    2.45997
7292.80000    2.45993
7293.40000    2.45989
7294.00000    2.45986
7294.60000    2.45982
7295.20000    2.45978
7295.80000    2.45974
7296.40000    2.45971
7297.00000    2.45967
7297.60000    2.45963
7298.20000    2.45959
7298.80000    2.45956
7299.40000    2.45952
7300.00000    2.45948
7300.60000    2.45944
7301.20000    2.45941
7301.80000    2.45937
7302.40000    2.45933
7303.00000    2.45930
7303.60000    2.45926
7304.20000    2.45922
7304.80000    2.45918
7305.40000    2.45915
7306.00000    2.45911
7306.60000    2.45907
7307.20000    2.45904
7307.80000    2.45900
7308.40000    2.45896
7309.00000    2.45893
7309.60000    2.45889
7310.20000    2.45885
7310.80000    2.45882
7311.40000    2.45878
7312.00000    2.45874
7312.60000    2.45871
7313.20000    2.45867
7313.80000    2.45863
7314.40000    2.45860
7315.00000    2.45856
7315.60000    2.45852
7316.20000    2.45849
7316.80000    2.45845
7317.40000    2.45842
7318.00000    2.45838
7318.60000    2.45834
7319.20000    2.45831
7319.80000    2.45827
7320.40000    2.45824
7321.00000    2.45820
7321.60000    2.45816
7322.20000    2.45813
7322.80000    2.45809
7323.40000    2.45806
7324.00000    2.45802
7324.60000    2.45799
7325.20000    2.45795
7325.80000    2.45791
7326.40000    2.45788
7327.00000    2.45784
7327.60000    2.45781
7328.20000    2.45777
7328.80000    2.45774
7329.40000    2.45770
7330.00000    2.45767
7330.60000    2.45763
7331.20000    2.45760
7331.80000    2.45756
7332.40000    2.45753
7333.00000    2.45749
7333.60000    2.45746
7334.20000    2.45742
7334.80000    2.45739
7335.40000    2.45735
7336.00000    2.45732
7336.60000    2.45728
7337.20000    2.45725
7337.80000    2.45721
7338.40000    2.45718
7339.00000    2.45714
7339.60000    2.45711
7340.20000    2.45707
7340.80000    2.45704
7341.40000    2.45700
7342.00000    2.45697
7342.60000    2.45694
7343.20000    2.45690
7343.80000    2.45687
7344.40000    2.45683
7345.00000    2.45680
7345.60000    2.45676
7346.20000    2.45673
7346.80000    2.45670
7347.40000    2.45666
7348.00000    2.45663
7348.60000    2.45659
7349.20000    2.45656
7349.80000    2.45653
7350.40000    2.45649
7351.00000    2.45646
7351.60000    2.45642
7352.20000    2.45639
7352.80000    2.45636
7353.40000    2.45632
7354.00000    2.45629
7354.60000    2.45626
7355.20000    2.45622
7355.80000    2.45619
7356.40000    2.45616
7357.00000    2.45612
7357.60000    2.45609
7358.20000    2.45606
7358.80000    2.45602
7359.40000    2.45599
7360.00000    2.45596
7360.60000    2.45592
7361.20000    2.45589
7361.80000    2.45586
7362.40000    2.45582
7363.00000    2.45579
7363.60000    2.45576
7364.20000    2.45573
7364.80000    2.45569
7365.40000    2.45566
7366.00000    2.45563
7366.60000    2.45559
7367.20000    2.45556
7367.80000    2.45553
7368.40000    2.45550
7369.00000    2.45546
7369.60000    2.45543
7370.20000    2.45540
7370.80000    2.45537
7371.40000    2.45533
7372.00000    2.45530
7372.60000    2.45527
7373.20000    2.45524
7373.80000    2.45521
7374.40000    2.45517
7375.00000    2.45514
7375.60000    2.45511
7376.20000    2.45508
7376.80000    2.45505
7377.40000    2.45501
7378.00000    2.45498
7378.60000    2.45495
7379.20000    2.45492
7379.80000    2.45489
7380.40000    2.45485
7381.00000    2.45482
7381.60000    2.45479
7382.20000    2.45476
7382.80000    2.45473
7383.40000    2.45470
7384.00000    2.45467
7384.60000    2.45463
7385.20000    2.45460
7385.80000    2.45457
7386.40000    2.45454
7387.00000    2.45451
7387.60000    2.45448
7388.20000    2.45445
7388.80000    2.45441
7389.40000    2.45438
7390.00000    2.45435
7390.60000    2.45432
7391.20000    2.45429
7391.80000    2.45426
7392.40000    2.45423
7393.00000    2.45420
7393.60000    2.45417
7394.20000    2.45414
7394.80000    2.45411
7395.40000    2.45408
7396.00000    2.45404
7396.60000    2.45401
7397.20000    2.45398
7397.80000    2.45395
7398.40000    2.45392
7399.00000    2.45389
7399.60000    2.45386
7400.20000    2.45383
7400.80000    2.45380
7401.40000    2.45377
7402.00000    2.45374
7402.60000    2.45371
7403.20000    2.45368
7403.80000    2.45365
7404.40000    2.45362
7405.00000    2.45359
7405.60000    2.45356
7406.20000    2.45353
7406.80000    2.45350
7407.40000    2.45347
7408.00000    2.45344
7408.60000    2.45341
7409.20000    2.45338
7409.80000    2.45335
7410.40000    2.45332
7411.00000    2.45329
7411.60000    2.45326
7412.20000    2.45323
7412.80000    2.45320
7413.40000    2.45318
7414.00000    2.45315
7414.60000    2.45312
7415.20000    2.45309
7415.80000    2.45306
7416.40000    2.45303
7417.00000    2.45300
7417.60000    2.45297
7418.20000    2.45294
7418.80000    2.45291
7419.40000    2.45288
7420.00000    2.45285
7420.60000    2.45283
7421.20000    2.45280
7421.80000    2.45277
7422.40000    2.45274
7423.00000    2.45271
7423.60000    2.45268
7424.20000    2.45265
7424.80000    2.45262
7425.40000    2.45260
7426.00000    2.45257
7426.60000    2.45254
7427.20000    2.45251
7427.80000    2.45248
7428.40000    2.45245
7429.00000    2.45243
7429.60000    2.45240
7430.20000    2.45237
7430.80000    2.45234
7431.40000    2.45231
7432.00000    2.45228
7432.60000    2.45226
7433.20000    2.45223
7433.80000    2.45220
7434.40000    2.45217
7435.00000    2.45214
7435.60000    2.45212
7436.20000    2.45209
7436.80000    2.45206
7437.40000    2.45203
7438.00000    2.45201
7438.60000    2.45198
7439.20000    2.45195
7439.80000    2.45192
7440.40000    2.45190
7441.00000    2.45187
7441.60000    2.45184
7442.20000    2.45181
7442.80000    2.45179
7443.40000    2.45176
7444.00000    2.45173
7444.60000    2.45170
7445.20000    2.45168
7445.80000    2.45165
7446.40000    2.45162
7447.00000    2.45160
7447.60000    2.45157
7448.20000    2.45154
7448.80000    2.45152
7449.40000    2.45149
7450.00000    2.45146
7450.60000    2.45143
7451.20000    2.45141
7451.80000    2.45138
7452.40000    2.45135
7453.00000    2.45133
7453.60000    2.45130
7454.20000    2.45128
7454.80000    2.45125
7455.40000    2.45122
7456.00000    2.45120
7456.60000    2.45117
7457.20000    2.45114
7457.80000    2.45112
7458.40000    2.45109
7459.00000    2.45106
7459.60000    2.45104
7460.20000    2.45101
7460.80000    2.45099
7461.40000    2.45096
7462.00000    2.45093
7462.60000    2.45091
7463.20000    2.45088
7463.80000    2.45086
7464.40000    2.45083
7465.00000    2.45080
7465.60000    2.45078
7466.20000    2.45075
7466.80000    2.45073
7467.40000    2.45070
7468.00000    2.45068
7468.60000    2.45065
7469.20000    2.45063
7469.80000    2.45060
7470.40000    2.45057
7471.00000    2.45055
7471.60000    2.45052
7472.20000    2.45050
7472.80000    2.45047
7473.40000    2.45045
7474.00000    2.45042
7474.60000    2.45040
7475.20000    2.45037
7475.80000    2.45035
7476.40000    2.45032
7477.00000    2.45030
7477.60000    2.45027
7478.20000    2.45025
7478.80000    2.45022
7479.40000    2.45020
7480.00000    2.45017
7480.60000    2.45015
7481.20000    2.45013
7481.80000    2.45010
7482.40000    2.45008
7483.00000    2.45005
7483.60000    2.45003
7484.20000    2.45000
7484.80000    2.44998
7485.40000    2.44995
7486.00000    2.44993
7486.60000    2.44991
7487.20000    2.44988
7487.80000    2.44986
7488.40000    2.44983
7489.00000    2.44981
7489.60000    2.44978
7490.20000    2.44976
7490.80000    2.44974
7491.40000    2.44971
7492.00000    2.44969
7492.60000    2.44967
7493.20000    2.44964
7493.80000    2.44962
7494.40000    2.44959
7495.00000    2.44957
7495.60000    2.44955
7496.20000    2.44952
7496.80000    2.44950
7497.40000    2.44948
7498.00000    2.44945
7498.60000    2.44943
7499.20000    2.44941
7499.80000    2.44938
7500.40000    2.44936
7501.00000    2.44934
7501.60000    2.44931
7502.20000    2.44929
7502.80000    2.44927
7503.40000    2.44924
7504.00000    2.44922
7504.60000    2.44920
7505.20000    2.44917
7505.80000    2.44915
7506.40000    2.44913
7507.00000    2.44911
7507.60000    2.44908
7508.20000    2.44906
7508.80000    2.44904
7509.40000    2.44902
7510.00000    2.44899
7510.60000    2.44897
7511.20000    2.44895
7511.80000    2.44893
7512.40000    2.44890
7513.00000    2.44888
7513.60000    2.44886
7514.20000    2.44884
7514.80000    2.44881
7515.40000    2.44879
7516.00000    2.44877
7516.60000    2.44875
7517.20000    2.44872
7517.80000    2.44870
7518.40000    2.44868
7519.00000    2.44866
7519.60000    2.44864
7520.20000    2.44862
7520.80000    2.44859
7521.40000    2.44857
7522.00000    2.44855
7522.60000    2.44853
7523.20000    2.44851
7523.80000    2.44848
7524.40000    2.44846
7525.00000    2.44844
7525.60000    2.44842
7526.20000    2.44840
7526.80000    2.44838
7527.40000    2.44836
7528.00000    2.44833
7528.60000    2.44831
7529.20000    2.44829
7529.80000    2.44827
7530.40000    2.44825
7531.00000    2.44823
7531.60000    2.44821
7532.20000    2.44819
7532.80000    2.44817
7533.40000    2.44814
7534.00000    2.44812
7534.60000    2.44810
7535.20000    2.44808
7535.80000    2.44806
7536.40000    2.44804
7537.00000    2.44802
7537.60000    2.44800
7538.20000    2.44798
7538.80000    2.44796
7539.40000    2.44794
7540.00000    2.44792
7540.60000    2.44790
7541.20000    2.44788
7541.80000    2.44786
7542.40000    2.44784
7543.00000    2.44782
7543.60000    2.44779
7544.20000    2.44777
7544.80000    2.44775
7545.40000    2.44773
7546.00000    2.44771
7546.60000    2.44769
7547.20000    2.44767
7547.80000    2.44765
7548.40000    2.44763
7549.00000    2.44761
7549.60000    2.44759
7550.20000    2.44758
7550.80000    2.44756
7551.40000    2.44754
7552.00000    2.44752
7552.60000    2.44750
7553.20000    2.44748
7553.80000    2.44746
7554.40000    2.44744
7555.00000    2.44742
7555.60000    2.44740
7556.20000    2.44738
7556.80000    2.44736
7557.40000    2.44734
7558.00000    2.44732
7558.60000    2.44730
7559.20000    2.44728
7559.80000    2.44726
7560.40000    2.44725
7561.00000    2.44723
7561.60000    2.44721
7562.20000    2.44719
7562.80000    2.44717
7563.40000    2.44715
7564.00000    2.44713
7564.60000    2.44711
7565.20000    2.44709
7565.80000    2.44708
7566.40000    2.44706
7567.00000    2.44704
7567.60000    2.44702
7568.20000    2.44700
7568.80000    2.44698
7569.40000    2.44696
7570.00000    2.44695
7570.60000    2.44693
7571.20000    2.44691
7571.80000    2.44689
7572.40000    2.44687
7573.00000    2.44686
7573.60000    2.44684
7574.20000    2.44682
7574.80000    2.44680
7575.40000    2.44678
7576.00000    2.44677
7576.60000    2.44675
7577.20000    2.44673
7577.80000    2.44671
7578.40000    2.44669
7579.00000    2.44668
7579.60000    2.44666
7580.20000    2.44664
7580.80000    2.44662
7581.40000    2.44661
7582.00000    2.44659
7582.60000    2.44657
7583.20000    2.44655
7583.80000    2.44654
7584.40000    2.44652
7585.00000    2.44650
7585.60000    2.44648
7586.20000    2.44647
7586.80000    2.44645
7587.40000    2.44643
7588.00000    2.44641
7588.60000    2.44640
7589.20000    2.44638
7589.80000    2.44636
7590.40000    2.44635
7591.00000    2.44633
7591.60000    2.44631
7592.20000    2.44630
7592.80000    2.44628
7593.40000    2.44626
7594.00000    2.44625
7594.60000    2.44623
7595.20000    2.44621
7595.80000    2.44620
7596.40000    2.44618
7597.00000    2.44616
7597.60000    2.44615
7598.20000    2.44613
7598.80000    2.44611
7599.40000    2.44610
7600.00000    2.44608
7600.60000    2.44607
7601.20000    2.44605
7601.80000    2.44603
7602.40000    2.44602
7603.00000    2.44600
7603.60000    2.44598
7604.20000    2.44597
7604.80000    2.44595
7605.40000    2.44594
7606.00000    2.44592
7606.60000    2.44591
7607.20000    2.44589
7607.80000    2.44587
7608.40000    2.44586
7609.00000    2.44584
7609.60000    2.44583
7610.20000    2.44581
7610.80000    2.44580
7611.40000    2.44578
7612.00000    2.44577
7612.60000    2.44575
7613.20000    2.44573
7613.80000    2.44572
7614.40000    2.44570
7615.00000    2.44569
7615.60000    2.44567
7616.20000    2.44566
7616.80000    2.44564
7617.40000    2.44563
7618.00000    2.44561
7618.60000    2.44560
7619.20000    2.44558
7619.80000    2.44557
7620.40000    2.44555
7621.00000    2.44554
7621.60000    2.44552
7622.20000    2.44551
7622.80000    2.44549
7623.40000    2.44548
7624.00000    2.44547
7624.60000    2.44545
7625.20000    2.44544
7625.80000    2.44542
7626.40000    2.44541
7627.00000    2.44539
7627.60000    2.44538
7628.20000    2.44536
7628.80000    2.44535
7629.40000    2.44534
7630.00000    2.44532
7630.60000    2.44531
7631.20000    2.44529
7631.80000    2.44528
7632.40000    2.44527
7633.00000    2.44525
7633.60000    2.44524
7634.20000    2.44522
7634.80000    2.44521
7635.40000    2.44520
7636.00000    2.44518
7636.60000    2.44517
7637.20000    2.44516
7637.80000    2.44514
7638.40000    2.44513
7639.00000    2.44512
7639.60000    2.44510
7640.20000    2.44509
7640.80000    2.44507
7641.40000    2.44506
7642.00000    2.44505
7642.60000    2.44503
7643.20000    2.44502
7643.80000    2.44501
7644.40000    2.44500
7645.00000    2.44498
7645.60000    2.44497
7646.20000    2.44496
7646.80000    2.44494
7647.40000    2.44493
7648.00000    2.44492
7648.60000    2.44490
7649.20000    2.44489
7649.80000    2.44488
7650.40000    2.44487
7651.00000    2.44485
7651.60000    2.44484
7652.20000    2.44483
7652.80000    2.44482
7653.40000    2.44480
7654.00000    2.44479
7654.60000    2.44478
7655.20000    2.44477
7655.80000    2.44475
7656.40000    2.44474
7657.00000    2.44473
7657.60000    2.44472
7658.20000    2.44470
7658.80000    2.44469
7659.40000    2.44468
7660.00000    2.44467
7660.60000    2.44466
7661.20000    2.44464
7661.80000    2.44463
7662.40000    2.44462
7663.00000    2.44461
7663.60000    2.44460
7664.20000    2.44459
7664.80000    2.44457
7665.40000    2.44456
7666.00000    2.44455
7666.60000    2.44454
7667.20000    2.44453
7667.80000    2.44452
7668.40000    2.44450
7669.00000    2.44449
7669.60000    2.44448
7670.20000    2.44447
7670.80000    2.44446
7671.40000    2.44445
7672.00000    2.44444
7672.60000    2.44443
7673.20000    2.44441
7673.80000    2.44440
7674.40000    2.44439
7675.00000    2.44438
7675.60000    2.44437
7676.20000    2.44436
7676.80000    2.44435
7677.40000    2.44434
7678.00000    2.44433
7678.60000    2.44432
7679.20000    2.44431
7679.80000    2.44430
7680.40000    2.44428
7681.00000    2.44427
7681.60000    2.44426
7682.20000    2.44425
7682.80000    2.44424
7683.40000    2.44423
7684.00000    2.44422
7684.60000    2.44421
7685.20000    2.44420
7685.80000    2.44419
7686.40000    2.44418
7687.00000    2.44417
7687.60000    2.44416
7688.20000    2.44415
7688.80000    2.44414
7689.40000    2.44413
7690.00000    2.44412
7690.60000    2.44411
7691.20000    2.44410
7691.80000    2.44409
7692.40000    2.44408
7693.00000    2.44407
7693.60000    2.44406
7694.20000    2.44405
7694.80000    2.44404
7695.40000    2.44403
7696.00000    2.44402
7696.60000    2.44401
7697.20000    2.44400
7697.80000    2.44400
7698.40000    2.44399
7699.00000    2.44398
7699.60000    2.44397
7700.20000    2.44396
7700.80000    2.44395
7701.40000    2.44394
7702.00000    2.44393
7702.60000    2.44392
7703.20000    2.44391
7703.80000    2.44390
7704.40000    2.44390
7705.00000    2.44389
7705.60000    2.44388
7706.20000    2.44387
7706.80000    2.44386
7707.40000    2.44385
7708.00000    2.44384
7708.60000    2.44383
7709.20000    2.44383
7709.80000    2.44382
7710.40000    2.44381
7711.00000    2.44380
7711.60000    2.44379
7712.20000    2.44378
7712.80000    2.44377
7713.40000    2.44377
7714.00000    2.44376
7714.60000    2.44375
7715.20000    2.44374
7715.80000    2.44373
7716.40000    2.44373
7717.00000    2.44372
7717.60000    2.44371
7718.20000    2.44370
7718.80000    2.44369
7719.40000    2.44369
7720.00000    2.44368
7720.60000    2.44367
7721.20000    2.44366
7721.80000    2.44365
7722.40000    2.44365
7723.00000    2.44364
7723.60000    2.44363
7724.20000    2.44362
7724.80000    2.44362
7725.40000    2.44361
7726.00000    2.44360
7726.60000    2.44359
7727.20000    2.44359
7727.80000    2.44358
7728.40000    2.44357
7729.00000    2.44357
7729.60000    2.44356
7730.20000    2.44355
7730.80000    2.44354
7731.40000    2.44354
7732.00000    2.44353
7732.60000    2.44352
7733.20000    2.44352
7733.80000    2.44351
7734.40000    2.44350
7735.00000    2.44350
7735.60000    2.44349
7736.20000    2.44348
7736.80000    2.44348
7737.40000    2.44347
7738.00000    2.44346
7738.60000    2.44346
7739.20000    2.44345
7739.80000    2.44344
7740.40000    2.44344
7741.00000    2.44343
7741.60000    2.44342
7742.20000    2.44342
7742.80000    2.44341
7743.40000    2.44341
7744.00000    2.44340
7744.60000    2.44339
7745.20000    2.44339
7745.80000    2.44338
7746.40000    2.44338
7747.00000    2.44337
7747.60000    2.44336
7748.20000    2.44336
7748.80000    2.44335
7749.40000    2.44335
7750.00000    2.44334
7750.60000    2.44334
7751.20000    2.44333
7751.80000    2.44332
7752.40000    2.44332
7753.00000    2.44331
7753.60000    2.44331
7754.20000    2.44330
7754.80000    2.44330
7755.40000    2.44329
7756.00000    2.44329
7756.60000    2.44328
7757.20000    2.44328
7757.80000    2.44327
7758.40000    2.44327
7759.00000    2.44326
7759.60000    2.44326
7760.20000    2.44325
7760.80000    2.44325
7761.40000    2.44324
7762.00000    2.44324
7762.60000    2.44323
7763.20000    2.44323
7763.80000    2.44322
7764.40000    2.44322
7765.00000    2.44321
7765.60000    2.44321
7766.20000    2.44320
7766.80000    2.44320
7767.40000    2.44319
7768.00000    2.44319
7768.60000    2.44319
7769.20000    2.44318
7769.80000    2.44318
7770.40000    2.44317
7771.00000    2.44317
7771.60000    2.44316
7772.20000    2.44316
7772.80000    2.44316
7773.40000    2.44315
7774.00000    2.44315
7774.60000    2.44314
7775.20000    2.44314
7775.80000    2.44314
7776.40000    2.44313
7777.00000    2.44313
7777.60000    2.44312
7778.20000    2.44312
7778.80000    2.44312
7779.40000    2.44311
7780.00000    2.44311
7780.60000    2.44311
7781.20000    2.44310
7781.80000    2.44310
7782.40000    2.44310
7783.00000    2.44309
7783.60000    2.44309
7784.20000    2.44309
7784.80000    2.44308
7785.40000    2.44308
7786.00000    2.44308
7786.60000    2.44307
7787.20000    2.44307
7787.80000    2.44307
7788.40000    2.44306
7789.00000    2.44306
7789.60000    2.44306
7790.20000    2.44306
7790.80000    2.44305
7791.40000    2.44305
7792.00000    2.44305
7792.60000    2.44304
7793.20000    2.44304
7793.80000    2.44304
7794.40000    2.44304
7795.00000    2.44303
7795.60000    2.44303
7796.20000    2.44303
7796.80000    2.44303
7797.40000    2.44302
7798.00000    2.44302
7798.60000    2.44302
7799.20000    2.44302
7799.80000    2.44302
7800.40000    2.44301
7801.00000    2.44301
7801.60000    2.44301
7802.20000    2.44301
7802.80000    2.44300
7803.40000    2.44300
7804.00000    2.44300
7804.60000    2.44300
7805.20000    2.44300
7805.80000    2.44300
7806.40000    2.44299
7807.00000    2.44299
7807.60000    2.44299
7808.20000    2.44299
7808.80000    2.44299
7809.40000    2.44299
7810.00000    2.44298
7810.60000    2.44298
7811.20000    2.44298
7811.80000    2.44298
7812.40000    2.44298
7813.00000    2.44298
7813.60000    2.44298
7814.20000    2.44298
7814.80000    2.44297
7815.40000    2.44297
7816.00000    2.44297
7816.60000    2.44297
7817.20000    2.44297
7817.80000    2.44297
7818.40000    2.44297
7819.00000    2.44297
7819.60000    2.44297
7820.20000    2.44297
7820.80000    2.44296
7821.40000    2.44296
7822.00000    2.44296
7822.60000    2.44296
7823.20000    2.44296
7823.80000    2.44296
7824.40000    2.44296
7825.00000    2.44296
7825.60000    2.44296
7826.20000    2.44296
7826.80000    2.44296
7827.40000    2.44296
7828.00000    2.44296
7828.60000    2.44296
7829.20000    2.44296
7829.80000    2.44296
7830.40000    2.44296
7831.00000    2.44296
7831.60000    2.44296
7832.20000    2.44296
7832.80000    2.44296
7833.40000    2.44296
7834.00000    2.44296
7834.60000    2.44296
7835.20000    2.44296
7835.80000    2.44296
7836.40000    2.44296
7837.00000    2.44296
7837.60000    2.44296
7838.20000    2.44296
7838.80000    2.44296
7839.40000    2.44296
7840.00000    2.44296
7840.60000    2.44296
7841.20000    2.44297
7841.80000    2.44297
7842.40000    2.44297
7843.00000    2.44297
7843.60000    2.44297
7844.20000    2.44297
7844.80000    2.44297
7845.40000    2.44297
7846.00000    2.44297
7846.60000    2.44297
7847.20000    2.44297
7847.80000    2.44298
7848.40000    2.44298
7849.00000    2.44298
7849.60000    2.44298
7850.20000    2.44298
7850.80000    2.44298
7851.40000    2.44298
7852.00000    2.44299
7852.60000    2.44299
7853.20000    2.44299
7853.80000    2.44299
7854.40000    2.44299
7855.00000    2.44299
7855.60000    2.44300
7856.20000    2.44300
7856.80000    2.44300
7857.40000    2.44300
7858.00000    2.44300
7858.60000    2.44300
7859.20000    2.44301
7859.80000    2.44301
7860.40000    2.44301
7861.00000    2.44301
7861.60000    2.44301
7862.20000    2.44302
7862.80000    2.44302
7863.40000    2.44302
7864.00000    2.44302
7864.60000    2.44303
7865.20000    2.44303
7865.80000    2.44303
7866.40000    2.44303
7867.00000    2.44304
7867.60000    2.44304
7868.20000    2.44304
7868.80000    2.44304
7869.40000    2.44305
7870.00000    2.44305
7870.60000    2.44305
7871.20000    2.44306
7871.80000    2.44306
7872.40000    2.44306
7873.00000    2.44306
7873.60000    2.44307
7874.20000    2.44307
7874.80000    2.44307
7875.40000    2.44308
7876.00000    2.44308
7876.60000    2.44308
7877.20000    2.44309
7877.80000    2.44309
7878.40000    2.44309
7879.00000    2.44310
7879.60000    2.44310
7880.20000    2.44310
7880.80000    2.44311
7881.40000    2.44311
7882.00000    2.44311
7882.60000    2.44312
7883.20000    2.44312
7883.80000    2.44312
7884.40000    2.44313
7885.00000    2.44313
7885.60000    2.44314
7886.20000    2.44314
7886.80000    2.44314
7887.40000    2.44315
7888.00000    2.44315
7888.60000    2.44316
7889.20000    2.44316
7889.80000    2.44316
7890.40000    2.44317
7891.00000    2.44317
7891.60000    2.44318
7892.20000    2.44318
7892.80000    2.44319
7893.40000    2.44319
7894.00000    2.44319
7894.60000    2.44320
7895.20000    2.44320
7895.80000    2.44321
7896.40000    2.44321
7897.00000    2.44322
7897.60000    2.44322
7898.20000    2.44323
7898.80000    2.44323
7899.40000    2.44324
7900.00000    2.44324
7900.60000    2.44325
7901.20000    2.44325
7901.80000    2.44326
7902.40000    2.44326
7903.00000    2.44327
7903.60000    2.44327
7904.20000    2.44328
7904.80000    2.44328
7905.40000    2.44329
7906.00000    2.44329
7906.60000    2.44330
7907.20000    2.44330
7907.80000    2.44331
7908.40000    2.44331
7909.00000    2.44332
7909.60000    2.44332
7910.20000    2.44333
7910.80000    2.44334
7911.40000    2.44334
7912.00000    2.44335
7912.60000    2.44335
7913.20000    2.44336
7913.80000    2.44336
7914.40000    2.44337
7915.00000    2.44338
7915.60000    2.44338
7916.20000    2.44339
7916.80000    2.44339
7917.40000    2.44340
7918.00000    2.44341
7918.60000    2.44341
7919.20000    2.44342
7919.80000    2.44342
7920.40000    2.44343
7921.00000    2.44344
7921.60000    2.44344
7922.20000    2.44345
7922.80000    2.44346
7923.40000    2.44346
7924.00000    2.44347
7924.60000    2.44348
7925.20000    2.44348
7925.80000    2.44349
7926.40000    2.44350
7927.00000    2.44350
7927.60000    2.44351
7928.20000    2.44352
7928.80000    2.44352
7929.40000    2.44353
7930.00000    2.44354
7930.60000    2.44354
7931.20000    2.44355
7931.80000    2.44356
7932.40000    2.44357
7933.00000    2.44357
7933.60000    2.44358
7934.20000    2.44359
7934.80000    2.44359
7935.40000    2.44360
7936.00000    2.44361
7936.60000    2.44362
7937.20000    2.44362
7937.80000    2.44363
7938.40000    2.44364
7939.00000    2.44365
7939.60000    2.44365
7940.20000    2.44366
7940.80000    2.44367
7941.40000    2.44368
7942.00000    2.44369
7942.60000    2.44369
7943.20000    2.44370
7943.80000    2.44371
7944.40000    2.44372
7945.00000    2.44373
7945.60000    2.44373
7946.20000    2.44374
7946.80000    2.44375
7947.40000    2.44376
7948.00000    2.44377
7948.60000    2.44377
7949.20000    2.44378
7949.80000    2.44379
7950.40000    2.44380
7951.00000    2.44381
7951.60000    2.44382
7952.20000    2.44382
7952.80000    2.44383
7953.40000    2.44384
7954.00000    2.44385
7954.60000    2.44386
7955.20000    2.44387
7955.80000    2.44388
7956.40000    2.44389
7957.00000    2.44389
7957.60000    2.44390
7958.20000    2.44391
7958.80000    2.44392
7959.40000    2.44393
7960.00000    2.44394
7960.60000    2.44395
7961.20000    2.44396
7961.80000    2.44397
7962.40000    2.44398
7963.00000    2.44399
7963.60000    2.44399
7964.20000    2.44400
7964.80000    2.44401
7965.40000    2.44402
7966.00000    2.44403
7966.60000    2.44404
7967.20000    2.44405
7967.80000    2.44406
7968.40000    2.44407
7969.00000    2.44408
7969.60000    2.44409
7970.20000    2.44410
7970.80000    2.44411
7971.40000    2.44412
7972.00000    2.44413
7972.60000    2.44414
7973.20000    2.44415
7973.80000    2.44416
7974.40000    2.44417
7975.00000    2.44418
7975.60000    2.44419
7976.20000    2.44420
7976.80000    2.44421
7977.40000    2.44422
7978.00000    2.44423
7978.60000    2.44424
7979.20000    2.44425
7979.80000    2.44426
7980.40000    2.44427
7981.00000    2.44428
7981.60000    2.44429
7982.20000    2.44431
7982.80000    2.44432
7983.40000    2.44433
7984.00000    2.44434
7984.60000    2.44435
7985.20000    2.44436
7985.80000    2.44437
7986.40000    2.44438
7987.00000    2.44439
7987.60000    2.44440
7988.20000    2.44441
7988.80000    2.44442
7989.40000    2.44444
7990.00000    2.44445
7990.60000    2.44446
7991.20000    2.44447
7991.80000    2.44448
7992.40000    2.44449
7993.00000    2.44450
7993.60000    2.44452
7994.20000    2.44453
7994.80000    2.44454
7995.40000    2.44455
7996.00000    2.44456
7996.60000    2.44457
7997.20000    2.44458
7997.80000    2.44460
7998.40000    2.44461
7999.00000    2.44462
7999.60000    2.44463
8000.20000    2.44464
8000.80000    2.44466
8001.40000    2.44467
8002.00000    2.44468
8002.60000    2.44469
8003.20000    2.44470
8003.80000    2.44472
8004.40000    2.44473
8005.00000    2.44474
8005.60000    2.44475
8006.20000    2.44477
8006.80000    2.44478
8007.40000    2.44479
8008.00000    2.44480
8008.60000    2.44482
8009.20000    2.44483
8009.80000    2.44484
8010.40000    2.44485
8011.00000    2.44487
8011.60000    2.44488
8012.20000    2.44489
8012.80000    2.44490
8013.40000    2.44492
8014.00000    2.44493
8014.60000    2.44494
8015.20000    2.44496
8015.80000    2.44497
8016.40000    2.44498
8017.00000    2.44499
8017.60000    2.44501
8018.20000    2.44502
8018.80000    2.44503
8019.40000    2.44505
8020.00000    2.44506
8020.60000    2.44507
8021.20000    2.44509
8021.80000    2.44510
8022.40000    2.44511
8023.00000    2.44513
8023.60000    2.44514
8024.20000    2.44515
8024.80000    2.44517
8025.40000    2.44518
8026.00000    2.44520
8026.60000    2.44521
8027.20000    2.44522
8027.80000    2.44524
8028.40000    2.44525
8029.00000    2.44527
8029.60000    2.44528
8030.20000    2.44529
8030.80000    2.44531
8031.40000    2.44532
8032.00000    2.44534
8032.60000    2.44535
8033.20000    2.44536
8033.80000    2.44538
8034.40000    2.44539
8035.00000    2.44541
8035.60000    2.44542
8036.20000    2.44544
8036.80000    2.44545
8037.40000    2.44546
8038.00000    2.44548
8038.60000    2.44549
8039.20000    2.44551
8039.80000    2.44552
8040.40000    2.44554
8041.00000    2.44555
8041.60000    2.44557
8042.20000    2.44558
8042.80000    2.44560
8043.40000    2.44561
8044.00000    2.44563
8044.60000    2.44564
8045.20000    2.44566
8045.80000    2.44567
8046.40000    2.44569
8047.00000    2.44570
8047.60000    2.44572
8048.20000    2.44573
8048.80000    2.44575
8049.40000    2.44576
8050.00000    2.44578
8050.60000    2.44580
8051.20000    2.44581
8051.80000    2.44583
8052.40000    2.44584
8053.00000    2.44586
8053.60000    2.44587
8054.20000    2.44589
8054.80000    2.44590
8055.40000    2.44592
8056.00000    2.44594
8056.60000    2.44595
8057.20000    2.44597
8057.80000    2.44598
8058.40000    2.44600
8059.00000    2.44602
8059.60000    2.44603
8060.20000    2.44605
8060.80000    2.44606
8061.40000    2.44608
8062.00000    2.44610
8062.60000    2.44611
8063.20000    2.44613
8063.80000    2.44615
8064.40000    2.44616
8065.00000    2.44618
8065.60000    2.44620
8066.20000    2.44621
8066.80000    2.44623
8067.40000    2.44625
8068.00000    2.44626
8068.60000    2.44628
8069.20000    2.44630
8069.80000    2.44631
8070.40000    2.44633
8071.00000    2.44635
8071.60000    2.44636
8072.20000    2.44638
8072.80000    2.44640
8073.40000    2.44641
8074.00000    2.44643
8074.60000    2.44645
8075.20000    2.44647
8075.80000    2.44648
8076.40000    2.44650
8077.00000    2.44652
8077.60000    2.44653
8078.20000    2.44655
8078.80000    2.44657
8079.40000    2.44659
8080.00000    2.44660
8080.60000    2.44662
8081.20000    2.44664
8081.80000    2.44666
8082.40000    2.44667
8083.00000    2.44669
8083.60000    2.44671
8084.20000    2.44673
8084.80000    2.44675
8085.40000    2.44676
8086.00000    2.44678
8086.60000    2.44680
8087.20000    2.44682
8087.80000    2.44684
8088.40000    2.44685
8089.00000    2.44687
8089.60000    2.44689
8090.20000    2.44691
8090.80000    2.44693
8091.40000    2.44695
8092.00000    2.44696
8092.60000    2.44698
8093.20000    2.44700
8093.80000    2.44702
8094.40000    2.44704
8095.00000    2.44706
8095.60000    2.44707
8096.20000    2.44709
8096.80000    2.44711
8097.40000    2.44713
8098.00000    2.44715
8098.60000    2.44717
8099.20000    2.44719
8099.80000    2.44721
8100.40000    2.44723
8101.00000    2.44724
8101.60000    2.44726
8102.20000    2.44728
8102.80000    2.44730
8103.40000    2.44732
8104.00000    2.44734
8104.60000    2.44736
8105.20000    2.44738
8105.80000    2.44740
8106.40000    2.44742
8107.00000    2.44744
8107.60000    2.44746
8108.20000    2.44748
8108.80000    2.44750
8109.40000    2.44751
8110.00000    2.44753
8110.60000    2.44755
8111.20000    2.44757
8111.80000    2.44759
8112.40000    2.44761
8113.00000    2.44763
8113.60000    2.44765
8114.20000    2.44767
8114.80000    2.44769
8115.40000    2.44771
8116.00000    2.44773
8116.60000    2.44775
8117.20000    2.44777
8117.80000    2.44779
8118.40000    2.44781
8119.00000    2.44783
8119.60000    2.44785
8120.20000    2.44787
8120.80000    2.44790
8121.40000    2.44792
8122.00000    2.44794
8122.60000    2.44796
8123.20000    2.44798
8123.80000    2.44800
8124.40000    2.44802
8125.00000    2.44804
8125.60000    2.44806
8126.20000    2.44808
8126.80000    2.44810
8127.40000    2.44812
8128.00000    2.44814
8128.60000    2.44816
8129.20000    2.44819
8129.80000    2.44821
8130.40000    2.44823
8131.00000    2.44825
8131.60000    2.44827
8132.20000    2.44829
8132.80000    2.44831
8133.40000    2.44833
8134.00000    2.44835
8134.60000    2.44838
8135.20000    2.44840
8135.80000    2.44842
8136.40000    2.44844
8137.00000    2.44846
8137.60000    2.44848
8138.20000    2.44851
8138.80000    2.44853
8139.40000    2.44855
8140.00000    2.44857
8140.60000    2.44859
8141.20000    2.44861
8141.80000    2.44864
8142.40000    2.44866
8143.00000    2.44868
8143.60000    2.44870
8144.20000    2.44872
8144.80000    2.44875
8145.40000    2.44877
8146.00000    2.44879
8146.60000    2.44881
8147.20000    2.44883
8147.80000    2.44886
8148.40000    2.44888
8149.00000    2.44890
8149.60000    2.44892
8150.20000    2.44895
8150.80000    2.44897
8151.40000    2.44899
8152.00000    2.44901
8152.60000    2.44904
8153.20000    2.44906
8153.80000    2.44908
8154.40000    2.44910
8155.00000    2.44913
8155.60000    2.44915
8156.20000    2.44917
8156.80000    2.44920
8157.40000    2.44922
8158.00000    2.44924
8158.60000    2.44927
8159.20000    2.44929
8159.80000    2.44931
8160.40000    2.44933
8161.00000    2.44936
8161.60000    2.44938
8162.20000    2.44940
8162.80000    2.44943
8163.40000    2.44945
8164.00000    2.44947
8164.60000    2.44950
8165.20000    2.44952
8165.80000    2.44955
8166.40000    2.44957
8167.00000    2.44959
8167.60000    2.44962
8168.20000    2.44964
8168.80000    2.44966
8169.40000    2.44969
8170.00000    2.44971
8170.60000    2.44974
8171.20000    2.44976
8171.80000    2.44978
8172.40000    2.44981
8173.00000    2.44983
8173.60000    2.44986
8174.20000    2.44988
8174.80000    2.44990
8175.40000    2.44993
8176.00000    2.44995
8176.60000    2.44998
8177.20000    2.45000
8177.80000    2.45003
8178.40000    2.45005
8179.00000    2.45007
8179.60000    2.45010
8180.20000    2.45012
8180.80000    2.45015
8181.40000    2.45017
8182.00000    2.45020
8182.60000    2.45022
8183.20000    2.45025
8183.80000    2.45027
8184.40000    2.45030
8185.00000    2.45032
8185.60000    2.45035
8186.20000    2.45037
8186.80000    2.45040
8187.40000    2.45042
8188.00000    2.45045
8188.60000    2.45047
8189.20000    2.45050
8189.80000    2.45052
8190.40000    2.45055
8191.00000    2.45057
8191.60000    2.45060
8192.20000    2.45062
8192.80000    2.45065
8193.40000    2.45068
8194.00000    2.45070
8194.60000    2.45073
8195.20000    2.45075
8195.80000    2.45078
8196.40000    2.45080
8197.00000    2.45083
8197.60000    2.45085
8198.20000    2.45088
8198.80000    2.45091
8199.40000    2.45093
8200.00000    2.45096
8200.60000    2.45098
8201.20000    2.45101
8201.80000    2.45104
8202.40000    2.45106
8203.00000    2.45109
8203.60000    2.45112
8204.20000    2.45114
8204.80000    2.45117
8205.40000    2.45119
8206.00000    2.45122
8206.60000    2.45125
8207.20000    2.45127
8207.80000    2.45130
8208.40000    2.45133
8209.00000    2.45135
8209.60000    2.45138
8210.20000    2.45141
8210.80000    2.45143
8211.40000    2.45146
8212.00000    2.45149
8212.60000    2.45151
8213.20000    2.45154
8213.80000    2.45157
8214.40000    2.45159
8215.00000    2.45162
8215.60000    2.45165
8216.20000    2.45168
8216.80000    2.45170
8217.40000    2.45173
8218.00000    2.45176
8218.60000    2.45178
8219.20000    2.45181
8219.80000    2.45184
8220.40000    2.45187
8221.00000    2.45189
8221.60000    2.45192
8222.20000    2.45195
8222.80000    2.45198
8223.40000    2.45200
8224.00000    2.45203
8224.60000    2.45206
8225.20000    2.45209
8225.80000    2.45212
8226.40000    2.45214
8227.00000    2.45217
8227.60000    2.45220
8228.20000    2.45223
8228.80000    2.45225
8229.40000    2.45228
8230.00000    2.45231
8230.60000    2.45234
8231.20000    2.45237
8231.80000    2.45240
8232.40000    2.45242
8233.00000    2.45245
8233.60000    2.45248
8234.20000    2.45251
8234.80000    2.45254
8235.40000    2.45257
8236.00000    2.45259
8236.60000    2.45262
8237.20000    2.45265
8237.80000    2.45268
8238.40000    2.45271
8239.00000    2.45274
8239.60000    2.45277
8240.20000    2.45279
8240.80000    2.45282
8241.40000    2.45285
8242.00000    2.45288
8242.60000    2.45291
8243.20000    2.45294
8243.80000    2.45297
8244.40000    2.45300
8245.00000    2.45303
8245.60000    2.45306
8246.20000    2.45309
8246.80000    2.45311
8247.40000    2.45314
8248.00000    2.45317
8248.60000    2.45320
8249.20000    2.45323
8249.80000    2.45326
8250.40000    2.45329
8251.00000    2.45332
8251.60000    2.45335
8252.20000    2.45338
8252.80000    2.45341
8253.40000    2.45344
8254.00000    2.45347
8254.60000    2.45350
8255.20000    2.45353
8255.80000    2.45356
8256.40000    2.45359
8257.00000    2.45362
8257.60000    2.45365
8258.20000    2.45368
8258.80000    2.45371
8259.40000    2.45374
8260.00000    2.45377
8260.60000    2.45380
8261.20000    2.45383
8261.80000    2.45386
8262.40000    2.45389
8263.00000    2.45392
8263.60000    2.45395
8264.20000    2.45398
8264.80000    2.45401
8265.40000    2.45404
8266.00000    2.45407
8266.60000    2.45410
8267.20000    2.45413
8267.80000    2.45417
8268.40000    2.45420
8269.00000    2.45423
8269.60000    2.45426
8270.20000    2.45429
8270.80000    2.45432
8271.40000    2.45435
8272.00000    2.45438
8272.60000    2.45441
8273.20000    2.45444
8273.80000    2.45448
8274.40000    2.45451
8275.00000    2.45454
8275.60000    2.45457
8276.20000    2.45460
8276.80000    2.45463
8277.40000    2.45466
8278.00000    2.45469
8278.60000    2.45473
8279.20000    2.45476
8279.80000    2.45479
8280.40000    2.45482
8281.00000    2.45485
8281.60000    2.45488
8282.20000    2.45492
8282.80000    2.45495
8283.40000    2.45498
8284.00000    2.45501
8284.60000    2.45504
8285.20000    2.45508
8285.80000    2.45511
8286.40000    2.45514
8287.00000    2.45517
8287.60000    2.45520
8288.20000    2.45524
8288.80000    2.45527
8289.40000    2.45530
8290.00000    2.45533
8290.60000    2.45537
8291.20000    2.45540
8291.80000    2.45543
8292.40000    2.45546
8293.00000    2.45549
8293.60000    2.45553
8294.20000    2.45556
8294.80000    2.45559
8295.40000    2.45563
8296.00000    2.45566
8296.60000    2.45569
8297.20000    2.45572
8297.80000    2.45576
8298.40000    2.45579
8299.00000    2.45582
8299.60000    2.45586
8300.20000    2.45589
8300.80000    2.45592
8301.40000    2.45595
8302.00000    2.45599
8302.60000    2.45602
8303.20000    2.45605
8303.80000    2.45609
8304.40000    2.45612
8305.00000    2.45615
8305.60000    2.45619
8306.20000    2.45622
8306.80000    2.45625
8307.40000    2.45629
8308.00000    2.45632
8308.60000    2.45636
8309.20000    2.45639
8309.80000    2.45642
8310.40000    2.45646
8311.00000    2.45649
8311.60000    2.45652
8312.20000    2.45656
8312.80000    2.45659
8313.40000    2.45663
8314.00000    2.45666
8314.60000    2.45669
8315.20000    2.45673
8315.80000    2.45676
8316.40000    2.45680
8317.00000    2.45683
8317.60000    2.45686
8318.20000    2.45690
8318.80000    2.45693
8319.40000    2.45697
8320.00000    2.45700
8320.60000    2.45704
8321.20000    2.45707
8321.80000    2.45711
8322.40000    2.45714
8323.00000    2.45717
8323.60000    2.45721
8324.20000    2.45724
8324.80000    2.45728
8325.40000    2.45731
8326.00000    2.45735
8326.60000    2.45738
8327.20000    2.45742
8327.80000    2.45745
8328.40000    2.45749
8329.00000    2.45752
8329.60000    2.45756
8330.20000    2.45759
8330.80000    2.45763
8331.40000    2.45766
8332.00000    2.45770
8332.60000    2.45773
8333.20000    2.45777
8333.80000    2.45781
8334.40000    2.45784
8335.00000    2.45788
8335.60000    2.45791
8336.20000    2.45795
8336.80000    2.45798
8337.40000    2.45802
8338.00000    2.45805
8338.60000    2.45809
8339.20000    2.45813
8339.80000    2.45816
8340.40000    2.45820
8341.00000    2.45823
8341.60000    2.45827
8342.20000    2.45831
8342.80000    2.45834
8343.40000    2.45838
8344.00000    2.45841
8344.60000    2.45845
8345.20000    2.45849
8345.80000    2.45852
8346.40000    2.45856
8347.00000    2.45859
8347.60000    2.45863
8348.20000    2.45867
8348.80000    2.45870
8349.40000    2.45874
8350.00000    2.45878
8350.60000    2.45881
8351.20000    2.45885
8351.80000    2.45889
8352.40000    2.45892
8353.00000    2.45896
8353.60000    2.45900
8354.20000    2.45903
8354.80000    2.45907
8355.40000    2.45911
8356.00000    2.45914
8356.60000    2.45918
8357.20000    2.45922
8357.80000    2.45926
8358.40000    2.45929
8359.00000    2.45933
8359.60000    2.45937
8360.20000    2.45940
8360.80000    2.45944
8361.40000    2.45948
8362.00000    2.45952
8362.60000    2.45955
8363.20000    2.45959
8363.80000    2.45963
8364.40000    2.45967
8365.00000    2.45970
8365.60000    2.45974
8366.20000    2.45978
8366.80000    2.45982
8367.40000    2.45985
8368.00000    2.45989
8368.60000    2.45993
8369.20000    2.45997
8369.80000    2.46001
8370.40000    2.46004
8371.00000    2.46008
8371.60000    2.46012
8372.20000    2.46016
8372.80000    2.46020
8373.40000    2.46023
8374.00000    2.46027
8374.60000    2.46031
8375.20000    2.46035
8375.80000    2.46039
8376.40000    2.46043
8377.00000    2.46046
8377.60000    2.46050
8378.20000    2.46054
8378.80000    2.46058
8379.40000    2.46062
8380.00000    2.46066
8380.60000    2.46070
8381.20000    2.46073
8381.80000    2.46077
8382.40000    2.46081
8383.00000    2.46085
8383.60000    2.46089
8384.20000    2.46093
8384.80000    2.46097
8385.40000    2.46101
8386.00000    2.46105
8386.60000    2.46109
8387.20000    2.46112
8387.80000    2.46116
8388.40000    2.46120
8389.00000    2.46124
8389.60000    2.46128
8390.20000    2.46132
8390.80000    2.46136
8391.40000    2.46140
8392.00000    2.46144
8392.60000    2.46148
8393.20000    2.46152
8393.80000    2.46156
8394.40000    2.46160
8395.00000    2.46164
8395.60000    2.46168
8396.20000    2.46172
8396.80000    2.46176
8397.40000    2.46180
8398.00000    2.46184
8398.60000    2.46188
8399.20000    2.46192
8399.80000    2.46196
8400.40000    2.46200
8401.00000    2.46204
8401.60000    2.46208
8402.20000    2.46212
8402.80000    2.46216
8403.40000    2.46220
8404.00000    2.46224
8404.60000    2.46228
8405.20000    2.46232
8405.80000    2.46236
8406.40000    2.46240
8407.00000    2.46244
8407.60000    2.46248
8408.20000    2.46252
8408.80000    2.46256
8409.40000    2.46260
8410.00000    2.46264
8410.60000    2.46268
8411.20000    2.46272
8411.80000    2.46277
8412.40000    2.46281
8413.00000    2.46285
8413.60000    2.46289
8414.20000    2.46293
8414.80000    2.46297
8415.40000    2.46301
8416.00000    2.46305
8416.60000    2.46309
8417.20000    2.46314
8417.80000    2.46318
8418.40000    2.46322
8419.00000    2.46326
8419.60000    2.46330
8420.20000    2.46334
8420.80000    2.46338
8421.40000    2.46343
8422.00000    2.46347
8422.60000    2.46351
8423.20000    2.46355
8423.80000    2.46359
8424.40000    2.46363
8425.00000    2.46368
8425.60000    2.46372
8426.20000    2.46376
8426.80000    2.46380
8427.40000    2.46384
8428.00000    2.46389
8428.60000    2.46393
8429.20000    2.46397
8429.80000    2.46401
8430.40000    2.46405
8431.00000    2.46410
8431.60000    2.46414
8432.20000    2.46418
8432.80000    2.46422
8433.40000    2.46427
8434.00000    2.46431
8434.60000    2.46435
8435.20000    2.46439
8435.80000    2.46444
8436.40000    2.46448
8437.00000    2.46452
8437.60000    2.46456
8438.20000    2.46461
8438.80000    2.46465
8439.40000    2.46469
8440.00000    2.46473
8440.60000    2.46478
8441.20000    2.46482
8441.80000    2.46486
8442.40000    2.46491
8443.00000    2.46495
8443.60000    2.46499
8444.20000    2.46504
8444.80000    2.46508
8445.40000    2.46512
8446.00000    2.46517
8446.60000    2.46521
8447.20000    2.46525
8447.80000    2.46530
8448.40000    2.46534
8449.00000    2.46538
8449.60000    2.46543
8450.20000    2.46547
8450.80000    2.46551
8451.40000    2.46556
8452.00000    2.46560
8452.60000    2.46564
8453.20000    2.46569
8453.80000    2.46573
8454.40000    2.46578
8455.00000    2.46582
8455.60000    2.46586
8456.20000    2.46591
8456.80000    2.46595
8457.40000    2.46600
8458.00000    2.46604
8458.60000    2.46608
8459.20000    2.46613
8459.80000    2.46617
8460.40000    2.46622
8461.00000    2.46626
8461.60000    2.46631
8462.20000    2.46635
8462.80000    2.46640
8463.40000    2.46644
8464.00000    2.46648
8464.60000    2.46653
8465.20000    2.46657
8465.80000    2.46662
8466.40000    2.46666
8467.00000    2.46671
8467.60000    2.46675
8468.20000    2.46680
8468.80000    2.46684
8469.40000    2.46689
8470.00000    2.46693
8470.60000    2.46698
8471.20000    2.46702
8471.80000    2.46707
8472.40000    2.46711
8473.00000    2.46716
8473.60000    2.46720
8474.20000    2.46725
8474.80000    2.46729
8475.40000    2.46734
8476.00000    2.46738
8476.60000    2.46743
8477.20000    2.46748
8477.80000    2.46752
8478.40000    2.46757
8479.00000    2.46761
8479.60000    2.46766
8480.20000    2.46770
8480.80000    2.46775
8481.40000    2.46779
8482.00000    2.46784
8482.60000    2.46789
8483.20000    2.46793
8483.80000    2.46798
8484.40000    2.46802
8485.00000    2.46807
8485.60000    2.46812
8486.20000    2.46816
8486.80000    2.46821
8487.40000    2.46825
8488.00000    2.46830
8488.60000    2.46835
8489.20000    2.46839
8489.80000    2.46844
8490.40000    2.46849
8491.00000    2.46853
8491.60000    2.46858
8492.20000    2.46863
8492.80000    2.46867
8493.40000    2.46872
8494.00000    2.46877
8494.60000    2.46881
8495.20000    2.46886
8495.80000    2.46891
8496.40000    2.46895
8497.00000    2.46900
8497.60000    2.46905
8498.20000    2.46909
8498.80000    2.46914
8499.40000    2.46919
8500.00000    2.46923
8500.60000    2.46928
8501.20000    2.46933
8501.80000    2.46938
8502.40000    2.46942
8503.00000    2.46947
8503.60000    2.46952
8504.20000    2.46957
8504.80000    2.46961
8505.40000    2.46966
8506.00000    2.46971
8506.60000    2.46976
8507.20000    2.46980
8507.80000    2.46985
8508.40000    2.46990
8509.00000    2.46995
8509.60000    2.46999
8510.20000    2.47004
8510.80000    2.47009
8511.40000    2.47014
8512.00000    2.47019
8512.60000    2.47023
8513.20000    2.47028
8513.80000    2.47033
8514.40000    2.47038
8515.00000    2.47043
8515.60000    2.47047
8516.20000    2.47052
8516.80000    2.47057
8517.40000    2.47062
8518.00000    2.47067
8518.60000    2.47072
8519.20000    2.47076
8519.80000    2.47081
8520.40000    2.47086
8521.00000    2.47091
8521.60000    2.47096
8522.20000    2.47101
8522.80000    2.47106
8523.40000    2.47110
8524.00000    2.47115
8524.60000    2.47120
8525.20000    2.47125
8525.80000    2.47130
8526.40000    2.47135
8527.00000    2.47140
8527.60000    2.47145
8528.20000    2.47150
8528.80000    2.47155
8529.40000    2.47159
8530.00000    2.47164
8530.60000    2.47169
8531.20000    2.47174
8531.80000    2.47179
8532.40000    2.47184
8533.00000    2.47189
8533.60000    2.47194
8534.20000    2.47199
8534.80000    2.47204
8535.40000    2.47209
8536.00000    2.47214
8536.60000    2.47219
8537.20000    2.47224
8537.80000    2.47229
8538.40000    2.47234
8539.00000    2.47239
8539.60000    2.47244
8540.20000    2.47249
8540.80000    2.47254
8541.40000    2.47259
8542.00000    2.47264
8542.60000    2.47269
8543.20000    2.47274
8543.80000    2.47279
8544.40000    2.47284
8545.00000    2.47289
8545.60000    2.47294
8546.20000    2.47299
8546.80000    2.47304
8547.40000    2.47309
8548.00000    2.47314
8548.60000    2.47319
8549.20000    2.47324
8549.80000    2.47329
8550.40000    2.47334
8551.00000    2.47339
8551.60000    2.47344
8552.20000    2.47349
8552.80000    2.47354
8553.40000    2.47360
8554.00000    2.47365
8554.60000    2.47370
8555.20000    2.47375
8555.80000    2.47380
8556.40000    2.47385
8557.00000    2.47390
8557.60000    2.47395
8558.20000    2.47400
8558.80000    2.47405
8559.40000    2.47411
8560.00000    2.47416
8560.60000    2.47421
8561.20000    2.47426
8561.80000    2.47431
8562.40000    2.47436
8563.00000    2.47441
8563.60000    2.47447
8564.20000    2.47452
8564.80000    2.47457
8565.40000    2.47462
8566.00000    2.47467
8566.60000    2.47472
8567.20000    2.47478
8567.80000    2.47483
8568.40000    2.47488
8569.00000    2.47493
8569.60000    2.47498
8570.20000    2.47504
8570.80000    2.47509
8571.40000    2.47514
8572.00000    2.47519
8572.60000    2.47524
8573.20000    2.47530
8573.80000    2.47535
8574.40000    2.47540
8575.00000    2.47545
8575.60000    2.47551
8576.20000    2.47556
8576.80000    2.47561
8577.40000    2.47566
8578.00000    2.47572
8578.60000    2.47577
8579.20000    2.47582
8579.80000    2.47587
8580.40000    2.47593
8581.00000    2.47598
8581.60000    2.47603
8582.20000    2.47609
8582.80000    2.47614
8583.40000    2.47619
8584.00000    2.47624
8584.60000    2.47630
8585.20000    2.47635
8585.80000    2.47640
8586.40000    2.47646
8587.00000    2.47651
8587.60000    2.47656
8588.20000    2.47662
8588.80000    2.47667
8589.40000    2.47672
8590.00000    2.47678
8590.60000    2.47683
8591.20000    2.47688
8591.80000    2.47694
8592.40000    2.47699
8593.00000    2.47704
8593.60000    2.47710
8594.20000    2.47715
8594.80000    2.47721
8595.40000    2.47726
8596.00000    2.47731
8596.60000    2.47737
8597.20000    2.47742
8597.80000    2.47748
8598.40000    2.47753
8599.00000    2.47758
8599.60000    2.47764
8600.20000    2.47769
8600.80000    2.47775
8601.40000    2.47780
8602.00000    2.47785
8602.60000    2.47791
8603.20000    2.47796
8603.80000    2.47802
8604.40000    2.47807
8605.00000    2.47813
8605.60000    2.47818
8606.20000    2.47824
8606.80000    2.47829
8607.40000    2.47834
8608.00000    2.47840
8608.60000    2.47845
8609.20000    2.47851
8609.80000    2.47856
8610.40000    2.47862
8611.00000    2.47867
8611.60000    2.47873
8612.20000    2.47878
8612.80000    2.47884
8613.40000    2.47889
8614.00000    2.47895
8614.60000    2.47900
8615.20000    2.47906
8615.80000    2.47911
8616.40000    2.47917
8617.00000    2.47922
8617.60000    2.47928
8618.20000    2.47934
8618.80000    2.47939
8619.40000    2.47945
8620.00000    2.47950
8620.60000    2.47956
8621.20000    2.47961
8621.80000    2.47967
8622.40000    2.47972
8623.00000    2.47978
8623.60000    2.47984
8624.20000    2.47989
8624.80000    2.47995
8625.40000    2.48000
8626.00000    2.48006
8626.60000    2.48012
8627.20000    2.48017
8627.80000    2.48023
8628.40000    2.48028
8629.00000    2.48034
8629.60000    2.48040
8630.20000    2.48045
8630.80000    2.48051
8631.40000    2.48057
8632.00000    2.48062
8632.60000    2.48068
8633.20000    2.48073
8633.80000    2.48079
8634.40000    2.48085
8635.00000    2.48090
8635.60000    2.48096
8636.20000    2.48102
8636.80000    2.48107
8637.40000    2.48113
8638.00000    2.48119
8638.60000    2.48124
8639.20000    2.48130
8639.80000    2.48136
8640.40000    2.48142
8641.00000    2.48147
8641.60000    2.48153
8642.20000    2.48159
8642.80000    2.48164
8643.40000    2.48170
8644.00000    2.48176
8644.60000    2.48182
8645.20000    2.48187
8645.80000    2.48193
8646.40000    2.48199
8647.00000    2.48205
8647.60000    2.48210
8648.20000    2.48216
8648.80000    2.48222
8649.40000    2.48228
8650.00000    2.48233
8650.60000    2.48239
8651.20000    2.48245
8651.80000    2.48251
8652.40000    2.48256
8653.00000    2.48262
8653.60000    2.48268
8654.20000    2.48274
8654.80000    2.48280
8655.40000    2.48285
8656.00000    2.48291
8656.60000    2.48297
8657.20000    2.48303
8657.80000    2.48309
8658.40000    2.48314
8659.00000    2.48320
8659.60000    2.48326
8660.20000    2.48332
8660.80000    2.48338
8661.40000    2.48344
8662.00000    2.48349
8662.60000    2.48355
8663.20000    2.48361
8663.80000    2.48367
8664.40000    2.48373
8665.00000    2.48379
8665.60000    2.48385
8666.20000    2.48391
8666.80000    2.48396
8667.40000    2.48402
8668.00000    2.48408
8668.60000    2.48414
8669.20000    2.48420
8669.80000    2.48426
8670.40000    2.48432
8671.00000    2.48438
8671.60000    2.48444
8672.20000    2.48450
8672.80000    2.48455
8673.40000    2.48461
8674.00000    2.48467
8674.60000    2.48473
8675.20000    2.48479
8675.80000    2.48485
8676.40000    2.48491
8677.00000    2.48497
8677.60000    2.48503
8678.20000    2.48509
8678.80000    2.48515
8679.40000    2.48521
8680.00000    2.48527
8680.60000    2.48533
8681.20000    2.48539
8681.80000    2.48545
8682.40000    2.48551
8683.00000    2.48557
8683.60000    2.48563
8684.20000    2.48569
8684.80000    2.48575
8685.40000    2.48581
8686.00000    2.48587
8686.60000    2.48593
8687.20000    2.48599
8687.80000    2.48605
8688.40000    2.48611
8689.00000    2.48617
8689.60000    2.48623
8690.20000    2.48629
8690.80000    2.48635
8691.40000    2.48641
8692.00000    2.48647
8692.60000    2.48653
8693.20000    2.48659
8693.80000    2.48666
8694.40000    2.48672
8695.00000    2.48678
8695.60000    2.48684
8696.20000    2.48690
8696.80000    2.48696
8697.40000    2.48702
8698.00000    2.48708
8698.60000    2.48714
8699.20000    2.48720
8699.80000    2.48727
8700.40000    2.48733
8701.00000    2.48739
8701.60000    2.48745
8702.20000    2.48751
8702.80000    2.48757
8703.40000    2.48763
8704.00000    2.48769
8704.60000    2.48776
8705.20000    2.48782
8705.80000    2.48788
8706.40000    2.48794
8707.00000    2.48800
8707.60000    2.48806
8708.20000    2.48813
8708.80000    2.48819
8709.40000    2.48825
8710.00000    2.48831
8710.60000    2.48837
8711.20000    2.48843
8711.80000    2.48850
8712.40000    2.48856
8713.00000    2.48862
8713.60000    2.48868
8714.20000    2.48875
8714.80000    2.48881
8715.40000    2.48887
8716.00000    2.48893
8716.60000    2.48899
8717.20000    2.48906
8717.80000    2.48912
8718.40000    2.48918
8719.00000    2.48924
8719.60000    2.48931
8720.20000    2.48937
8720.80000    2.48943
8721.40000    2.48949
8722.00000    2.48956
8722.60000    2.48962
8723.20000    2.48968
8723.80000    2.48975
8724.40000    2.48981
8725.00000    2.48987
8725.60000    2.48993
8726.20000    2.49000
8726.80000    2.49006
8727.40000    2.49012
8728.00000    2.49019
8728.60000    2.49025
8729.20000    2.49031
8729.80000    2.49038
8730.40000    2.49044
8731.00000    2.49050
8731.60000    2.49057
8732.20000    2.49063
8732.80000    2.49069
8733.40000    2.49076
8734.00000    2.49082
8734.60000    2.49088
8735.20000    2.49095
8735.80000    2.49101
8736.40000    2.49108
8737.00000    2.49114
8737.60000    2.49120
8738.20000    2.49127
8738.80000    2.49133
8739.40000    2.49139
8740.00000    2.49146
8740.60000    2.49152
8741.20000    2.49159
8741.80000    2.49165
8742.40000    2.49171
8743.00000    2.49178
8743.60000    2.49184
8744.20000    2.49191
8744.80000    2.49197
8745.40000    2.49204
8746.00000    2.49210
8746.60000    2.49217
8747.20000    2.49223
8747.80000    2.49229
8748.40000    2.49236
8749.00000    2.49242
8749.60000    2.49249
8750.20000    2.49255
8750.80000    2.49262
8751.40000    2.49268
8752.00000    2.49275
8752.60000    2.49281
8753.20000    2.49288
8753.80000    2.49294
8754.40000    2.49301
8755.00000    2.49307
8755.60000    2.49314
8756.20000    2.49320
8756.80000    2.49327
8757.40000    2.49333
8758.00000    2.49340
8758.60000    2.49346
8759.20000    2.49353
8759.80000    2.49359
8760.40000    2.49366
8761.00000    2.49372
8761.60000    2.49379
8762.20000    2.49386
8762.80000    2.49392
8763.40000    2.49399
8764.00000    2.49405
8764.60000    2.49412
8765.20000    2.49418
8765.80000    2.49425
8766.40000    2.49432
8767.00000    2.49438
8767.60000    2.49445
8768.20000    2.49451
8768.80000    2.49458
8769.40000    2.49465
8770.00000    2.49471
8770.60000    2.49478
8771.20000    2.49484
8771.80000    2.49491
8772.40000    2.49498
8773.00000    2.49504
8773.60000    2.49511
8774.20000    2.49518
8774.80000    2.49524
8775.40000    2.49531
8776.00000    2.49538
8776.60000    2.49544
8777.20000    2.49551
8777.80000    2.49557
8778.40000    2.49564
8779.00000    2.49571
8779.60000    2.49578
8780.20000    2.49584
8780.80000    2.49591
8781.40000    2.49598
8782.00000    2.49604
8782.60000    2.49611
8783.20000    2.49618
8783.80000    2.49624
8784.40000    2.49631
8785.00000    2.49638
8785.60000    2.49645
8786.20000    2.49651
8786.80000    2.49658
8787.40000    2.49665
8788.00000    2.49671
8788.60000    2.49678
8789.20000    2.49685
8789.80000    2.49692
8790.40000    2.49698
8791.00000    2.49705
8791.60000    2.49712
8792.20000    2.49719
8792.80000    2.49725
8793.40000    2.49732
8794.00000    2.49739
8794.60000    2.49746
8795.20000    2.49753
8795.80000    2.49759
8796.40000    2.49766
8797.00000    2.49773
8797.60000    2.49780
8798.20000    2.49787
8798.80000    2.49793
8799.40000    2.49800
8800.00000    2.49807
8800.60000    2.49814
8801.20000    2.49821
8801.80000    2.49828
8802.40000    2.49834
8803.00000    2.49841
8803.60000    2.49848
8804.20000    2.49855
8804.80000    2.49862
8805.40000    2.49869
8806.00000    2.49875
8806.60000    2.49882
8807.20000    2.49889
8807.80000    2.49896
8808.40000    2.49903
8809.00000    2.49910
8809.60000    2.49917
8810.20000    2.49924
8810.80000    2.49931
8811.40000    2.49937
8812.00000    2.49944
8812.60000    2.49951
8813.20000    2.49958
8813.80000    2.49965
8814.40000    2.49972
8815.00000    2.49979
8815.60000    2.49986
8816.20000    2.49993
8816.80000    2.50000
8817.40000    2.50007
8818.00000    2.50014
8818.60000    2.50021
8819.20000    2.50028
8819.80000    2.50034
8820.40000    2.50041
8821.00000    2.50048
8821.60000    2.50055
8822.20000    2.50062
8822.80000    2.50069
8823.40000    2.50076
8824.00000    2.50083
8824.60000    2.50090
8825.20000    2.50097
8825.80000    2.50104
8826.40000    2.50111
8827.00000    2.50118
8827.60000    2.50125
8828.20000    2.50132
8828.80000    2.50139
8829.40000    2.50146
8830.00000    2.50153
8830.60000    2.50161
8831.20000    2.50168
8831.80000    2.50175
8832.40000    2.50182
8833.00000    2.50189
8833.60000    2.50196
8834.20000    2.50203
8834.80000    2.50210
8835.40000    2.50217
8836.00000    2.50224
8836.60000    2.50231
8837.20000    2.50238
8837.80000    2.50245
8838.40000    2.50252
8839.00000    2.50259
8839.60000    2.50267
8840.20000    2.50274
8840.80000    2.50281
8841.40000    2.50288
8842.00000    2.50295
8842.60000    2.50302
8843.20000    2.50309
8843.80000    2.50316
8844.40000    2.50324
8845.00000    2.50331
8845.60000    2.50338
8846.20000    2.50345
8846.80000    2.50352
8847.40000    2.50359
8848.00000    2.50366
8848.60000    2.50374
8849.20000    2.50381
8849.80000    2.50388
8850.40000    2.50395
8851.00000    2.50402
8851.60000    2.50409
8852.20000    2.50417
8852.80000    2.50424
8853.40000    2.50431
8854.00000    2.50438
8854.60000    2.50445
8855.20000    2.50453
8855.80000    2.50460
8856.40000    2.50467
8857.00000    2.50474
8857.60000    2.50482
8858.20000    2.50489
8858.80000    2.50496
8859.40000    2.50503
8860.00000    2.50510
8860.60000    2.50518
8861.20000    2.50525
8861.80000    2.50532
8862.40000    2.50539
8863.00000    2.50547
8863.60000    2.50554
8864.20000    2.50561
8864.80000    2.50569
8865.40000    2.50576
8866.00000    2.50583
8866.60000    2.50590
8867.20000    2.50598
8867.80000    2.50605
8868.40000    2.50612
8869.00000    2.50620
8869.60000    2.50627
8870.20000    2.50634
8870.80000    2.50642
8871.40000    2.50649
8872.00000    2.50656
8872.60000    2.50664
8873.20000    2.50671
8873.80000    2.50678
8874.40000    2.50686
8875.00000    2.50693
8875.60000    2.50700
8876.20000    2.50708
8876.80000    2.50715
8877.40000    2.50722
8878.00000    2.50730
8878.60000    2.50737
8879.20000    2.50744
8879.80000    2.50752
8880.40000    2.50759
8881.00000    2.50767
8881.60000    2.50774
8882.20000    2.50781
8882.80000    2.50789
8883.40000    2.50796
8884.00000    2.50804
8884.60000    2.50811
8885.20000    2.50818
8885.80000    2.50826
8886.40000    2.50833
8887.00000    2.50841
8887.60000    2.50848
8888.20000    2.50856
8888.80000    2.50863
8889.40000    2.50871
8890.00000    2.50878
8890.60000    2.50885
8891.20000    2.50893
8891.80000    2.50900
8892.40000    2.50908
8893.00000    2.50915
8893.60000    2.50923
8894.20000    2.50930
8894.80000    2.50938
8895.40000    2.50945
8896.00000    2.50953
8896.60000    2.50960
8897.20000    2.50968
8897.80000    2.50975
8898.40000    2.50983
8899.00000    2.50990
8899.60000    2.50998
8900.20000    2.51005
8900.80000    2.51013
8901.40000    2.51020
8902.00000    2.51028
8902.60000    2.51036
8903.20000    2.51043
8903.80000    2.51051
8904.40000    2.51058
8905.00000    2.51066
8905.60000    2.51073
8906.20000    2.51081
8906.80000    2.51088
8907.40000    2.51096
8908.00000    2.51104
8908.60000    2.51111
8909.20000    2.51119
8909.80000    2.51126
8910.40000    2.51134
8911.00000    2.51142
8911.60000    2.51149
8912.20000    2.51157
8912.80000    2.51164
8913.40000    2.51172
8914.00000    2.51180
8914.60000    2.51187
8915.20000    2.51195
8915.80000    2.51203
8916.40000    2.51210
8917.00000    2.51218
8917.60000    2.51225
8918.20000    2.51233
8918.80000    2.51241
8919.40000    2.51248
8920.00000    2.51256
8920.60000    2.51264
8921.20000    2.51271
8921.80000    2.51279
8922.40000    2.51287
8923.00000    2.51294
8923.60000    2.51302
8924.20000    2.51310
8924.80000    2.51318
8925.40000    2.51325
8926.00000    2.51333
8926.60000    2.51341
8927.20000    2.51348
8927.80000    2.51356
8928.40000    2.51364
8929.00000    2.51372
8929.60000    2.51379
8930.20000    2.51387
8930.80000    2.51395
8931.40000    2.51403
8932.00000    2.51410
8932.60000    2.51418
8933.20000    2.51426
8933.80000    2.51434
8934.40000    2.51441
8935.00000    2.51449
8935.60000    2.51457
8936.20000    2.51465
8936.80000    2.51472
8937.40000    2.51480
8938.00000    2.51488
8938.60000    2.51496
8939.20000    2.51504
8939.80000    2.51511
8940.40000    2.51519
8941.00000    2.51527
8941.60000    2.51535
8942.20000    2.51543
8942.80000    2.51551
8943.40000    2.51558
8944.00000    2.51566
8944.60000    2.51574
8945.20000    2.51582
8945.80000    2.51590
8946.40000    2.51598
8947.00000    2.51605
8947.60000    2.51613
8948.20000    2.51621
8948.80000    2.51629
8949.40000    2.51637
8950.00000    2.51645
8950.60000    2.51653
8951.20000    2.51661
8951.80000    2.51668
8952.40000    2.51676
8953.00000    2.51684
8953.60000    2.51692
8954.20000    2.51700
8954.80000    2.51708
8955.40000    2.51716
8956.00000    2.51724
8956.60000    2.51732
8957.20000    2.51740
8957.80000    2.51748
8958.40000    2.51755
8959.00000    2.51763
8959.60000    2.51771
8960.20000    2.51779
8960.80000    2.51787
8961.40000    2.51795
8962.00000    2.51803
8962.60000    2.51811
8963.20000    2.51819
8963.80000    2.51827
8964.40000    2.51835
8965.00000    2.51843
8965.60000    2.51851
8966.20000    2.51859
8966.80000    2.51867
8967.40000    2.51875
8968.00000    2.51883
8968.60000    2.51891
8969.20000    2.51899
8969.80000    2.51907
8970.40000    2.51915
8971.00000    2.51923
8971.60000    2.51931
8972.20000    2.51939
8972.80000    2.51947
8973.40000    2.51955
8974.00000    2.51963
8974.60000    2.51971
8975.20000    2.51979
8975.80000    2.51987
8976.40000    2.51996
8977.00000    2.52004
8977.60000    2.52012
8978.20000    2.52020
8978.80000    2.52028
8979.40000    2.52036
8980.00000    2.52044
8980.60000    2.52052
8981.20000    2.52060
8981.80000    2.52068
8982.40000    2.52076
8983.00000    2.52084
8983.60000    2.52093
8984.20000    2.52101
8984.80000    2.52109
8985.40000    2.52117
8986.00000    2.52125
8986.60000    2.52133
8987.20000    2.52141
8987.80000    2.52150
8988.40000    2.52158
8989.00000    2.52166
8989.60000    2.52174
8990.20000    2.52182
8990.80000    2.52190
8991.40000    2.52198
8992.00000    2.52207
8992.60000    2.52215
8993.20000    2.52223
8993.80000    2.52231
8994.40000    2.52239
8995.00000    2.52248
8995.60000    2.52256
8996.20000    2.52264
8996.80000    2.52272
8997.40000    2.52280
8998.00000    2.52289
8998.60000    2.52297
8999.20000    2.52305
8999.80000    2.52313
9000.40000    2.52321
9001.00000    2.52330
9001.60000    2.52338
9002.20000    2.52346
9002.80000    2.52354
9003.40000    2.52363
9004.00000    2.52371
9004.60000    2.52379
9005.20000    2.52387
9005.80000    2.52396
9006.40000    2.52404
9007.00000    2.52412
9007.60000    2.52421
9008.20000    2.52429
9008.80000    2.52437
9009.40000    2.52445
9010.00000    2.52454
9010.60000    2.52462
9011.20000    2.52470
9011.80000    2.52479
9012.40000    2.52487
9013.00000    2.52495
9013.60000    2.52504
9014.20000    2.52512
9014.80000    2.52520
9015.40000    2.52529
9016.00000    2.52537
9016.60000    2.52545
9017.20000    2.52554
9017.80000    2.52562
9018.40000    2.52570
9019.00000    2.52579
9019.60000    2.52587
9020.20000    2.52595
9020.80000    2.52604
9021.40000    2.52612
9022.00000    2.52621
9022.60000    2.52629
9023.20000    2.52637
9023.80000    2.52646
9024.40000    2.52654
9025.00000    2.52663
9025.60000    2.52671
9026.20000    2.52679
9026.80000    2.52688
9027.40000    2.52696
9028.00000    2.52705
9028.60000    2.52713
9029.20000    2.52722
9029.80000    2.52730
9030.40000    2.52738
9031.00000    2.52747
9031.60000    2.52755
9032.20000    2.52764
9032.80000    2.52772
9033.40000    2.52781
9034.00000    2.52789
9034.60000    2.52798
9035.20000    2.52806
9035.80000    2.52815
9036.40000    2.52823
9037.00000    2.52832
9037.60000    2.52840
9038.20000    2.52849
9038.80000    2.52857
9039.40000    2.52866
9040.00000    2.52874
9040.60000    2.52883
9041.20000    2.52891
9041.80000    2.52900
9042.40000    2.52908
9043.00000    2.52917
9043.60000    2.52925
9044.20000    2.52934
9044.80000    2.52942
9045.40000    2.52951
9046.00000    2.52959
9046.60000    2.52968
9047.20000    2.52977
9047.80000    2.52985
9048.40000    2.52994
9049.00000    2.53002
9049.60000    2.53011
9050.20000    2.53019
9050.80000    2.53028
9051.40000    2.53037
9052.00000    2.53045
9052.60000    2.53054
9053.20000    2.53062
9053.80000    2.53071
9054.40000    2.53080
9055.00000    2.53088
9055.60000    2.53097
9056.20000    2.53105
9056.80000    2.53114
9057.40000    2.53123
9058.00000    2.53131
9058.60000    2.53140
9059.20000    2.53149
9059.80000    2.53157
9060.40000    2.53166
9061.00000    2.53175
9061.60000    2.53183
9062.20000    2.53192
9062.80000    2.53201
9063.40000    2.53209
9064.00000    2.53218
9064.60000    2.53227
9065.20000    2.53235
9065.80000    2.53244
9066.40000    2.53253
9067.00000    2.53261
9067.60000    2.53270
9068.20000    2.53279
9068.80000    2.53288
9069.40000    2.53296
9070.00000    2.53305
9070.60000    2.53314
9071.20000    2.53322
9071.80000    2.53331
9072.40000    2.53340
9073.00000    2.53349
9073.60000    2.53357
9074.20000    2.53366
9074.80000    2.53375
9075.40000    2.53384
9076.00000    2.53392
9076.60000    2.53401
9077.20000    2.53410
9077.80000    2.53419
9078.40000    2.53428
9079.00000    2.53436
9079.60000    2.53445
9080.20000    2.53454
9080.80000    2.53463
9081.40000    2.53472
9082.00000    2.53480
9082.60000    2.53489
9083.20000    2.53498
9083.80000    2.53507
9084.40000    2.53516
9085.00000    2.53524
9085.60000    2.53533
9086.20000    2.53542
9086.80000    2.53551
9087.40000    2.53560
9088.00000    2.53569
9088.60000    2.53577
9089.20000    2.53586
9089.80000    2.53595
9090.40000    2.53604
9091.00000    2.53613
9091.60000    2.53622
9092.20000    2.53631
9092.80000    2.53640
9093.40000    2.53648
9094.00000    2.53657
9094.60000    2.53666
9095.20000    2.53675
9095.80000    2.53684
9096.40000    2.53693
9097.00000    2.53702
9097.60000    2.53711
9098.20000    2.53720
9098.80000    2.53729
9099.40000    2.53738
9100.00000    2.53746
9100.60000    2.53755
9101.20000    2.53764
9101.80000    2.53773
9102.40000    2.53782
9103.00000    2.53791
9103.60000    2.53800
9104.20000    2.53809
9104.80000    2.53818
9105.40000    2.53827
9106.00000    2.53836
9106.60000    2.53845
9107.20000    2.53854
9107.80000    2.53863
9108.40000    2.53872
9109.00000    2.53881
9109.60000    2.53890
9110.20000    2.53899
9110.80000    2.53908
9111.40000    2.53917
9112.00000    2.53926
9112.60000    2.53935
9113.20000    2.53944
9113.80000    2.53953
9114.40000    2.53962
9115.00000    2.53971
9115.60000    2.53980
9116.20000    2.53989
9116.80000    2.53998
9117.40000    2.54007
9118.00000    2.54016
9118.60000    2.54025
9119.20000    2.54035
9119.80000    2.54044
9120.40000    2.54053
9121.00000    2.54062
9121.60000    2.54071
9122.20000    2.54080
9122.80000    2.54089
9123.40000    2.54098
9124.00000    2.54107
9124.60000    2.54116
9125.20000    2.54125
9125.80000    2.54135
9126.40000    2.54144
9127.00000    2.54153
9127.60000    2.54162
9128.20000    2.54171
9128.80000    2.54180
9129.40000    2.54189
9130.00000    2.54198
9130.60000    2.54208
9131.20000    2.54217
9131.80000    2.54226
9132.40000    2.54235
9133.00000    2.54244
9133.60000    2.54253
9134.20000    2.54263
9134.80000    2.54272
9135.40000    2.54281
9136.00000    2.54290
9136.60000    2.54299
9137.20000    2.54309
9137.80000    2.54318
9138.40000    2.54327
9139.00000    2.54336
9139.60000    2.54345
9140.20000    2.54355
9140.80000    2.54364
9141.40000    2.54373
9142.00000    2.54382
9142.60000    2.54391
9143.20000    2.54401
9143.80000    2.54410
9144.40000    2.54419
9145.00000    2.54428
9145.60000    2.54438
9146.20000    2.54447
9146.80000    2.54456
9147.40000    2.54465
9148.00000    2.54475
9148.60000    2.54484
9149.20000    2.54493
9149.80000    2.54503
9150.40000    2.54512
9151.00000    2.54521
9151.60000    2.54530
9152.20000    2.54540
9152.80000    2.54549
9153.40000    2.54558
9154.00000    2.54568
9154.60000    2.54577
9155.20000    2.54586
9155.80000    2.54596
9156.40000    2.54605
9157.00000    2.54614
9157.60000    2.54624
9158.20000    2.54633
9158.80000    2.54642
9159.40000    2.54652
9160.00000    2.54661
9160.60000    2.54670
9161.20000    2.54680
9161.80000    2.54689
9162.40000    2.54699
9163.00000    2.54708
9163.60000    2.54717
9164.20000    2.54727
9164.80000    2.54736
9165.40000    2.54745
9166.00000    2.54755
9166.60000    2.54764
9167.20000    2.54774
9167.80000    2.54783
9168.40000    2.54792
9169.00000    2.54802
9169.60000    2.54811
9170.20000    2.54821
9170.80000    2.54830
9171.40000    2.54840
9172.00000    2.54849
9172.60000    2.54858
9173.20000    2.54868
9173.80000    2.54877
9174.40000    2.54887
9175.00000    2.54896
9175.60000    2.54906
9176.20000    2.54915
9176.80000    2.54925
9177.40000    2.54934
9178.00000    2.54944
9178.60000    2.54953
9179.20000    2.54963
9179.80000    2.54972
9180.40000    2.54982
9181.00000    2.54991
9181.60000    2.55001
9182.20000    2.55010
9182.80000    2.55020
9183.40000    2.55029
9184.00000    2.55039
9184.60000    2.55048
9185.20000    2.55058
9185.80000    2.55067
9186.40000    2.55077
9187.00000    2.55086
9187.60000    2.55096
9188.20000    2.55105
9188.80000    2.55115
9189.40000    2.55125
9190.00000    2.55134
9190.60000    2.55144
9191.20000    2.55153
9191.80000    2.55163
9192.40000    2.55172
9193.00000    2.55182
9193.60000    2.55192
9194.20000    2.55201
9194.80000    2.55211
9195.40000    2.55220
9196.00000    2.55230
9196.60000    2.55240
9197.20000    2.55249
9197.80000    2.55259
9198.40000    2.55269
9199.00000    2.55278
9199.60000    2.55288
9200.20000    2.55297
9200.80000    2.55307
9201.40000    2.55317
9202.00000    2.55326
9202.60000    2.55336
9203.20000    2.55346
9203.80000    2.55355
9204.40000    2.55365
9205.00000    2.55375
9205.60000    2.55384
9206.20000    2.55394
9206.80000    2.55404
9207.40000    2.55413
9208.00000    2.55423
9208.60000    2.55433
9209.20000    2.55443
9209.80000    2.55452
9210.40000    2.55462
9211.00000    2.55472
9211.60000    2.55481
9212.20000    2.55491
9212.80000    2.55501
9213.40000    2.55511
9214.00000    2.55520
9214.60000    2.55530
9215.20000    2.55540
9215.80000    2.55550
9216.40000    2.55559
9217.00000    2.55569
9217.60000    2.55579
9218.20000    2.55589
9218.80000    2.55598
9219.40000    2.55608
9220.00000    2.55618
9220.60000    2.55628
9221.20000    2.55637
9221.80000    2.55647
9222.40000    2.55657
9223.00000    2.55667
9223.60000    2.55677
9224.20000    2.55686
9224.80000    2.55696
9225.40000    2.55706
9226.00000    2.55716
9226.60000    2.55726
9227.20000    2.55736
9227.80000    2.55745
9228.40000    2.55755
9229.00000    2.55765
9229.60000    2.55775
9230.20000    2.55785
9230.80000    2.55795
9231.40000    2.55804
9232.00000    2.55814
9232.60000    2.55824
9233.20000    2.55834
9233.80000    2.55844
9234.40000    2.55854
9235.00000    2.55864
9235.60000    2.55874
9236.20000    2.55883
9236.80000    2.55893
9237.40000    2.55903
9238.00000    2.55913
9238.60000    2.55923
9239.20000    2.55933
9239.80000    2.55943
9240.40000    2.55953
9241.00000    2.55963
9241.60000    2.55973
9242.20000    2.55983
9242.80000    2.55993
9243.40000    2.56002
9244.00000    2.56012
9244.60000    2.56022
9245.20000    2.56032
9245.80000    2.56042
9246.40000    2.56052
9247.00000    2.56062
9247.60000    2.56072
9248.20000    2.56082
9248.80000    2.56092
9249.40000    2.56102
9250.00000    2.56112
9250.60000    2.56122
9251.20000    2.56132
9251.80000    2.56142
9252.40000    2.56152
9253.00000    2.56162
9253.60000    2.56172
9254.20000    2.56182
9254.80000    2.56192
9255.40000    2.56202
9256.00000    2.56212
9256.60000    2.56222
9257.20000    2.56232
9257.80000    2.56242
9258.40000    2.56252
9259.00000    2.56262
9259.60000    2.56273
9260.20000    2.56283
9260.80000    2.56293
9261.40000    2.56303
9262.00000    2.56313
9262.60000    2.56323
9263.20000    2.56333
9263.80000    2.56343
9264.40000    2.56353
9265.00000    2.56363
9265.60000    2.56373
9266.20000    2.56383
9266.80000    2.56394
9267.40000    2.56404
9268.00000    2.56414
9268.60000    2.56424
9269.20000    2.56434
9269.80000    2.56444
9270.40000    2.56454
9271.00000    2.56464
9271.60000    2.56475
9272.20000    2.56485
9272.80000    2.56495
9273.40000    2.56505
9274.00000    2.56515
9274.60000    2.56525
9275.20000    2.56535
9275.80000    2.56546
9276.40000    2.56556
9277.00000    2.56566
9277.60000    2.56576
9278.20000    2.56586
9278.80000    2.56597
9279.40000    2.56607
9280.00000    2.56617
9280.60000    2.56627
9281.20000    2.56637
9281.80000    2.56648
9282.40000    2.56658
9283.00000    2.56668
9283.60000    2.56678
9284.20000    2.56688
9284.80000    2.56699
9285.40000    2.56709
9286.00000    2.56719
9286.60000    2.56729
9287.20000    2.56740
9287.80000    2.56750
9288.40000    2.56760
9289.00000    2.56770
9289.60000    2.56781
9290.20000    2.56791
9290.80000    2.56801
9291.40000    2.56812
9292.00000    2.56822
9292.60000    2.56832
9293.20000    2.56842
9293.80000    2.56853
9294.40000    2.56863
9295.00000    2.56873
9295.60000    2.56884
9296.20000    2.56894
9296.80000    2.56904
9297.40000    2.56915
9298.00000    2.56925
9298.60000    2.56935
9299.20000    2.56946
9299.80000    2.56956
9300.40000    2.56966
9301.00000    2.56977
9301.60000    2.56987
9302.20000    2.56997
9302.80000    2.57008
9303.40000    2.57018
9304.00000    2.57028
9304.60000    2.57039
9305.20000    2.57049
9305.80000    2.57060
9306.40000    2.57070
9307.00000    2.57080
9307.60000    2.57091
9308.20000    2.57101
9308.80000    2.57111
9309.40000    2.57122
9310.00000    2.57132
9310.60000    2.57143
9311.20000    2.57153
9311.80000    2.57164
9312.40000    2.57174
9313.00000    2.57184
9313.60000    2.57195
9314.20000    2.57205
9314.80000    2.57216
9315.40000    2.57226
9316.00000    2.57237
9316.60000    2.57247
9317.20000    2.57258
9317.80000    2.57268
9318.40000    2.57278
9319.00000    2.57289
9319.60000    2.57299
9320.20000    2.57310
9320.80000    2.57320
9321.40000    2.57331
9322.00000    2.57341
9322.60000    2.57352
9323.20000    2.57362
9323.80000    2.57373
9324.40000    2.57383
9325.00000    2.57394
9325.60000    2.57404
9326.20000    2.57415
9326.80000    2.57426
9327.40000    2.57436
9328.00000    2.57447
9328.60000    2.57457
9329.20000    2.57468
9329.80000    2.57478
9330.40000    2.57489
9331.00000    2.57499
9331.60000    2.57510
9332.20000    2.57520
9332.80000    2.57531
9333.40000    2.57542
9334.00000    2.57552
9334.60000    2.57563
9335.20000    2.57573
9335.80000    2.57584
9336.40000    2.57595
9337.00000    2.57605
9337.60000    2.57616
9338.20000    2.57626
9338.80000    2.57637
9339.40000    2.57648
9340.00000    2.57658
9340.60000    2.57669
9341.20000    2.57679
9341.80000    2.57690
9342.40000    2.57701
9343.00000    2.57711
9343.60000    2.57722
9344.20000    2.57733
9344.80000    2.57743
9345.40000    2.57754
9346.00000    2.57765
9346.60000    2.57775
9347.20000    2.57786
9347.80000    2.57797
9348.40000    2.57807
9349.00000    2.57818
9349.60000    2.57829
9350.20000    2.57839
9350.80000    2.57850
9351.40000    2.57861
9352.00000    2.57872
9352.60000    2.57882
9353.20000    2.57893
9353.80000    2.57904
9354.40000    2.57914
9355.00000    2.57925
9355.60000    2.57936
9356.20000    2.57947
9356.80000    2.57957
9357.40000    2.57968
9358.00000    2.57979
9358.60000    2.57990
9359.20000    2.58000
9359.80000    2.58011
9360.40000    2.58022
9361.00000    2.58033
9361.60000    2.58043
9362.20000    2.58054
9362.80000    2.58065
9363.40000    2.58076
9364.00000    2.58087
9364.60000    2.58097
9365.20000    2.58108
9365.80000    2.58119
9366.40000    2.58130
9367.00000    2.58141
9367.60000    2.58151
9368.20000    2.58162
9368.80000    2.58173
9369.40000    2.58184
9370.00000    2.58195
9370.60000    2.58206
9371.20000    2.58216
9371.80000    2.58227
9372.40000    2.58238
9373.00000    2.58249
9373.60000    2.58260
9374.20000    2.58271
9374.80000    2.58282
9375.40000    2.58292
9376.00000    2.58303
9376.60000    2.58314
9377.20000    2.58325
9377.80000    2.58336
9378.40000    2.58347
9379.00000    2.58358
9379.60000    2.58369
9380.20000    2.58380
9380.80000    2.58390
9381.40000    2.58401
9382.00000    2.58412
9382.60000    2.58423
9383.20000    2.58434
9383.80000    2.58445
9384.40000    2.58456
9385.00000    2.58467
9385.60000    2.58478
9386.20000    2.58489
9386.80000    2.58500
9387.40000    2.58511
9388.00000    2.58522
9388.60000    2.58533
9389.20000    2.58544
9389.80000    2.58555
9390.40000    2.58566
9391.00000    2.58577
9391.60000    2.58588
9392.20000    2.58599
9392.80000    2.58610
9393.40000    2.58621
9394.00000    2.58632
9394.60000    2.58643
9395.20000    2.58654
9395.80000    2.58665
9396.40000    2.58676
9397.00000    2.58687
9397.60000    2.58698
9398.20000    2.58709
9398.80000    2.58720
9399.40000    2.58731
9400.00000    2.58742
9400.60000    2.58753
9401.20000    2.58764
9401.80000    2.58775
9402.40000    2.58786
9403.00000    2.58797
9403.60000    2.58808
9404.20000    2.58819
9404.80000    2.58830
9405.40000    2.58841
9406.00000    2.58852
9406.60000    2.58864
9407.20000    2.58875
9407.80000    2.58886
9408.40000    2.58897
9409.00000    2.58908
9409.60000    2.58919
9410.20000    2.58930
9410.80000    2.58941
9411.40000    2.58952
9412.00000    2.58964
9412.60000    2.58975
9413.20000    2.58986
9413.80000    2.58997
9414.40000    2.59008
9415.00000    2.59019
9415.60000    2.59030
9416.20000    2.59042
9416.80000    2.59053
9417.40000    2.59064
9418.00000    2.59075
9418.60000    2.59086
9419.20000    2.59097
9419.80000    2.59109
9420.40000    2.59120
9421.00000    2.59131
9421.60000    2.59142
9422.20000    2.59153
9422.80000    2.59165
9423.40000    2.59176
9424.00000    2.59187
9424.60000    2.59198
9425.20000    2.59209
9425.80000    2.59221
9426.40000    2.59232
9427.00000    2.59243
9427.60000    2.59254
9428.20000    2.59266
9428.80000    2.59277
9429.40000    2.59288
9430.00000    2.59299
9430.60000    2.59311
9431.20000    2.59322
9431.80000    2.59333
9432.40000    2.59344
9433.00000    2.59356
9433.60000    2.59367
9434.20000    2.59378
9434.80000    2.59390
9435.40000    2.59401
9436.00000    2.59412
9436.60000    2.59423
9437.20000    2.59435
9437.80000    2.59446
9438.40000    2.59457
9439.00000    2.59469
9439.60000    2.59480
9440.20000    2.59491
9440.80000    2.59503
9441.40000    2.59514
9442.00000    2.59525
9442.60000    2.59537
9443.20000    2.59548
9443.80000    2.59559
9444.40000    2.59571
9445.00000    2.59582
9445.60000    2.59593
9446.20000    2.59605
9446.80000    2.59616
9447.40000    2.59628
9448.00000    2.59639
9448.60000    2.59650
9449.20000    2.59662
9449.80000    2.59673
9450.40000    2.59685
9451.00000    2.59696
9451.60000    2.59707
9452.20000    2.59719
9452.80000    2.59730
9453.40000    2.59742
9454.00000    2.59753
9454.60000    2.59764
9455.20000    2.59776
9455.80000    2.59787
9456.40000    2.59799
9457.00000    2.59810
9457.60000    2.59822
9458.20000    2.59833
9458.80000    2.59845
9459.40000    2.59856
9460.00000    2.59868
9460.60000    2.59879
9461.20000    2.59890
9461.80000    2.59902
9462.40000    2.59913
9463.00000    2.59925
9463.60000    2.59936
9464.20000    2.59948
9464.80000    2.59959
9465.40000    2.59971
9466.00000    2.59982
9466.60000    2.59994
9467.20000    2.60005
9467.80000    2.60017
9468.40000    2.60029
9469.00000    2.60040
9469.60000    2.60052
9470.20000    2.60063
9470.80000    2.60075
9471.40000    2.60086
9472.00000    2.60098
9472.60000    2.60109
9473.20000    2.60121
9473.80000    2.60132
9474.40000    2.60144
9475.00000    2.60156
9475.60000    2.60167
9476.20000    2.60179
9476.80000    2.60190
9477.40000    2.60202
9478.00000    2.60213
9478.60000    2.60225
9479.20000    2.60237
9479.80000    2.60248
9480.40000    2.60260
9481.00000    2.60272
9481.60000    2.60283
9482.20000    2.60295
9482.80000    2.60306
9483.40000    2.60318
9484.00000    2.60330
9484.60000    2.60341
9485.20000    2.60353
9485.80000    2.60365
9486.40000    2.60376
9487.00000    2.60388
9487.60000    2.60400
9488.20000    2.60411
9488.80000    2.60423
9489.40000    2.60435
9490.00000    2.60446
9490.60000    2.60458
9491.20000    2.60470
9491.80000    2.60481
9492.40000    2.60493
9493.00000    2.60505
9493.60000    2.60516
9494.20000    2.60528
9494.80000    2.60540
9495.40000    2.60552
9496.00000    2.60563
9496.60000    2.60575
9497.20000    2.60587
9497.80000    2.60598
9498.40000    2.60610
9499.00000    2.60622
9499.60000    2.60634
9500.20000    2.60645
9500.80000    2.60657
9501.40000    2.60669
9502.00000    2.60681
9502.60000    2.60692
9503.20000    2.60704
9503.80000    2.60716
9504.40000    2.60728
9505.00000    2.60740
9505.60000    2.60751
9506.20000    2.60763
9506.80000    2.60775
9507.40000    2.60787
9508.00000    2.60799
9508.60000    2.60810
9509.20000    2.60822
9509.80000    2.60834
9510.40000    2.60846
9511.00000    2.60858
9511.60000    2.60869
9512.20000    2.60881
9512.80000    2.60893
9513.40000    2.60905
9514.00000    2.60917
9514.60000    2.60929
9515.20000    2.60941
9515.80000    2.60952
9516.40000    2.60964
9517.00000    2.60976
9517.60000    2.60988
9518.20000    2.61000
9518.80000    2.61012
9519.40000    2.61024
9520.00000    2.61036
9520.60000    2.61047
9521.20000    2.61059
9521.80000    2.61071
9522.40000    2.61083
9523.00000    2.61095
9523.60000    2.61107
9524.20000    2.61119
9524.80000    2.61131
9525.40000    2.61143
9526.00000    2.61155
9526.60000    2.61167
9527.20000    2.61179
9527.80000    2.61190
9528.40000    2.61202
9529.00000    2.61214
9529.60000    2.61226
9530.20000    2.61238
9530.80000    2.61250
9531.40000    2.61262
9532.00000    2.61274
9532.60000    2.61286
9533.20000    2.61298
9533.80000    2.61310
9534.40000    2.61322
9535.00000    2.61334
9535.60000    2.61346
9536.20000    2.61358
9536.80000    2.61370
9537.40000    2.61382
9538.00000    2.61394
9538.60000    2.61406
9539.20000    2.61418
9539.80000    2.61430
9540.40000    2.61442
9541.00000    2.61454
9541.60000    2.61466
9542.20000    2.61478
9542.80000    2.61490
9543.40000    2.61502
9544.00000    2.61515
9544.60000    2.61527
9545.20000    2.61539
9545.80000    2.61551
9546.40000    2.61563
9547.00000    2.61575
9547.60000    2.61587
9548.20000    2.61599
9548.80000    2.61611
9549.40000    2.61623
9550.00000    2.61635
9550.60000    2.61647
9551.20000    2.61660
9551.80000    2.61672
9552.40000    2.61684
9553.00000    2.61696
9553.60000    2.61708
9554.20000    2.61720
9554.80000    2.61732
9555.40000    2.61744
9556.00000    2.61757
9556.60000    2.61769
9557.20000    2.61781
9557.80000    2.61793
9558.40000    2.61805
9559.00000    2.61817
9559.60000    2.61830
9560.20000    2.61842
9560.80000    2.61854
9561.40000    2.61866
9562.00000    2.61878
9562.60000    2.61890
9563.20000    2.61903
9563.80000    2.61915
9564.40000    2.61927
9565.00000    2.61939
9565.60000    2.61951
9566.20000    2.61964
9566.80000    2.61976
9567.40000    2.61988
9568.00000    2.62000
9568.60000    2.62013
9569.20000    2.62025
9569.80000    2.62037
9570.40000    2.62049
9571.00000    2.62062
9571.60000    2.62074
9572.20000    2.62086
9572.80000    2.62098
9573.40000    2.62111
9574.00000    2.62123
9574.60000    2.62135
9575.20000    2.62147
9575.80000    2.62160
9576.40000    2.62172
9577.00000    2.62184
9577.60000    2.62197
9578.20000    2.62209
9578.80000    2.62221
9579.40000    2.62233
9580.00000    2.62246
9580.60000    2.62258
9581.20000    2.62270
9581.80000    2.62283
9582.40000    2.62295
9583.00000    2.62307
9583.60000    2.62320
9584.20000    2.62332
9584.80000    2.62344
9585.40000    2.62357
9586.00000    2.62369
9586.60000    2.62381
9587.20000    2.62394
9587.80000    2.62406
9588.40000    2.62419
9589.00000    2.62431
9589.60000    2.62443
9590.20000    2.62456
9590.80000    2.62468
9591.40000    2.62480
9592.00000    2.62493
9592.60000    2.62505
9593.20000    2.62518
9593.80000    2.62530
9594.40000    2.62543
9595.00000    2.62555
9595.60000    2.62567
9596.20000    2.62580
9596.80000    2.62592
9597.40000    2.62605
9598.00000    2.62617
9598.60000    2.62630
9599.20000    2.62642
9599.80000    2.62654
9600.40000    2.62667
9601.00000    2.62679
9601.60000    2.62692
9602.20000    2.62704
9602.80000    2.62717
9603.40000    2.62729
9604.00000    2.62742
9604.60000    2.62754
9605.20000    2.62767
9605.80000    2.62779
9606.40000    2.62792
9607.00000    2.62804
9607.60000    2.62817
9608.20000    2.62829
9608.80000    2.62842
9609.40000    2.62854
9610.00000    2.62867
9610.60000    2.62879
9611.20000    2.62892
9611.80000    2.62904
9612.40000    2.62917
9613.00000    2.62929
9613.60000    2.62942
9614.20000    2.62954
9614.80000    2.62967
9615.40000    2.62980
9616.00000    2.62992
9616.60000    2.63005
9617.20000    2.63017
9617.80000    2.63030
9618.40000    2.63042
9619.00000    2.63055
9619.60000    2.63068
9620.20000    2.63080
9620.80000    2.63093
9621.40000    2.63105
9622.00000    2.63118
9622.60000    2.63131
9623.20000    2.63143
9623.80000    2.63156
9624.40000    2.63169
9625.00000    2.63181
9625.60000    2.63194
9626.20000    2.63206
9626.80000    2.63219
9627.40000    2.63232
9628.00000    2.63244
9628.60000    2.63257
9629.20000    2.63270
9629.80000    2.63282
9630.40000    2.63295
9631.00000    2.63308
9631.60000    2.63320
9632.20000    2.63333
9632.80000    2.63346
9633.40000    2.63358
9634.00000    2.63371
9634.60000    2.63384
9635.20000    2.63396
9635.80000    2.63409
9636.40000    2.63422
9637.00000    2.63435
9637.60000    2.63447
9638.20000    2.63460
9638.80000    2.63473
9639.40000    2.63485
9640.00000    2.63498
9640.60000    2.63511
9641.20000    2.63524
9641.80000    2.63536
9642.40000    2.63549
9643.00000    2.63562
9643.60000    2.63575
9644.20000    2.63587
9644.80000    2.63600
9645.40000    2.63613
9646.00000    2.63626
9646.60000    2.63639
9647.20000    2.63651
9647.80000    2.63664
9648.40000    2.63677
9649.00000    2.63690
9649.60000    2.63703
9650.20000    2.63715
9650.80000    2.63728
9651.40000    2.63741
9652.00000    2.63754
9652.60000    2.63767
9653.20000    2.63779
9653.80000    2.63792
9654.40000    2.63805
9655.00000    2.63818
9655.60000    2.63831
9656.20000    2.63844
9656.80000    2.63856
9657.40000    2.63869
9658.00000    2.63882
9658.60000    2.63895
9659.20000    2.63908
9659.80000    2.63921
9660.40000    2.63934
9661.00000    2.63947
9661.60000    2.63959
9662.20000    2.63972
9662.80000    2.63985
9663.40000    2.63998
9664.00000    2.64011
9664.60000    2.64024
9665.20000    2.64037
9665.80000    2.64050
9666.40000    2.64063
9667.00000    2.64076
9667.60000    2.64089
9668.20000    2.64101
9668.80000    2.64114
9669.40000    2.64127
9670.00000    2.64140
9670.60000    2.64153
9671.20000    2.64166
9671.80000    2.64179
9672.40000    2.64192
9673.00000    2.64205
9673.60000    2.64218
9674.20000    2.64231
9674.80000    2.64244
9675.40000    2.64257
9676.00000    2.64270
9676.60000    2.64283
9677.20000    2.64296
9677.80000    2.64309
9678.40000    2.64322
9679.00000    2.64335
9679.60000    2.64348
9680.20000    2.64361
9680.80000    2.64374
9681.40000    2.64387
9682.00000    2.64400
9682.60000    2.64413
9683.20000    2.64426
9683.80000    2.64439
9684.40000    2.64452
9685.00000    2.64465
9685.60000    2.64478
9686.20000    2.64491
9686.80000    2.64504
9687.40000    2.64518
9688.00000    2.64531
9688.60000    2.64544
9689.20000    2.64557
9689.80000    2.64570
9690.40000    2.64583
9691.00000    2.64596
9691.60000    2.64609
9692.20000    2.64622
9692.80000    2.64635
9693.40000    2.64648
9694.00000    2.64662
9694.60000    2.64675
9695.20000    2.64688
9695.80000    2.64701
9696.40000    2.64714
9697.00000    2.64727
9697.60000    2.64740
9698.20000    2.64753
9698.80000    2.64767
9699.40000    2.64780
9700.00000    2.64793
9700.60000    2.64806
9701.20000    2.64819
9701.80000    2.64832
9702.40000    2.64846
9703.00000    2.64859
9703.60000    2.64872
9704.20000    2.64885
9704.80000    2.64898
9705.40000    2.64912
9706.00000    2.64925
9706.60000    2.64938
9707.20000    2.64951
9707.80000    2.64964
9708.40000    2.64978
9709.00000    2.64991
9709.60000    2.65004
9710.20000    2.65017
9710.80000    2.65030
9711.40000    2.65044
9712.00000    2.65057
9712.60000    2.65070
9713.20000    2.65083
9713.80000    2.65097
9714.40000    2.65110
9715.00000    2.65123
9715.60000    2.65136
9716.20000    2.65150
9716.80000    2.65163
9717.40000    2.65176
9718.00000    2.65190
9718.60000    2.65203
9719.20000    2.65216
9719.80000    2.65229
9720.40000    2.65243
9721.00000    2.65256
9721.60000    2.65269
9722.20000    2.65283
9722.80000    2.65296
9723.40000    2.65309
9724.00000    2.65323
9724.60000    2.65336
9725.20000    2.65349
9725.80000    2.65363
9726.40000    2.65376
9727.00000    2.65389
9727.60000    2.65403
9728.20000    2.65416
9728.80000    2.65429
9729.40000    2.65443
9730.00000    2.65456
9730.60000    2.65470
9731.20000    2.65483
9731.80000    2.65496
9732.40000    2.65510
9733.00000    2.65523
9733.60000    2.65536
9734.20000    2.65550
9734.80000    2.65563
9735.40000    2.65577
9736.00000    2.65590
9736.60000    2.65603
9737.20000    2.65617
9737.80000    2.65630
9738.40000    2.65644
9739.00000    2.65657
9739.60000    2.65671
9740.20000    2.65684
9740.80000    2.65697
9741.40000    2.65711
9742.00000    2.65724
9742.60000    2.65738
9743.20000    2.65751
9743.80000    2.65765
9744.40000    2.65778
9745.00000    2.65792
9745.60000    2.65805
9746.20000    2.65819
9746.80000    2.65832
9747.40000    2.65846
9748.00000    2.65859
9748.60000    2.65873
9749.20000    2.65886
9749.80000    2.65900
9750.40000    2.65913
9751.00000    2.65927
9751.60000    2.65940
9752.20000    2.65954
9752.80000    2.65967
9753.40000    2.65981
9754.00000    2.65994
9754.60000    2.66008
9755.20000    2.66021
9755.80000    2.66035
9756.40000    2.66048
9757.00000    2.66062
9757.60000    2.66076
9758.20000    2.66089
9758.80000    2.66103
9759.40000    2.66116
9760.00000    2.66130
9760.60000    2.66143
9761.20000    2.66157
9761.80000    2.66171
9762.40000    2.66184
9763.00000    2.66198
9763.60000    2.66211
9764.20000    2.66225
9764.80000    2.66239
9765.40000    2.66252
9766.00000    2.66266
9766.60000    2.66280
9767.20000    2.66293
9767.80000    2.66307
9768.40000    2.66320
9769.00000    2.66334
9769.60000    2.66348
9770.20000    2.66361
9770.80000    2.66375
9771.40000    2.66389
9772.00000    2.66402
9772.60000    2.66416
9773.20000    2.66430
9773.80000    2.66443
9774.40000    2.66457
9775.00000    2.66471
9775.60000    2.66484
9776.20000    2.66498
9776.80000    2.66512
9777.40000    2.66525
9778.00000    2.66539
9778.60000    2.66553
9779.20000    2.66567
9779.80000    2.66580
9780.40000    2.66594
9781.00000    2.66608
9781.60000    2.66622
9782.20000    2.66635
9782.80000    2.66649
9783.40000    2.66663
9784.00000    2.66676
9784.60000    2.66690
9785.20000    2.66704
9785.80000    2.66718
9786.40000    2.66732
9787.00000    2.66745
9787.60000    2.66759
9788.20000    2.66773
9788.80000    2.66787
9789.40000    2.66800
9790.00000    2.66814
9790.60000    2.66828
9791.20000    2.66842
9791.80000    2.66856
9792.40000    2.66869
9793.00000    2.66883
9793.60000    2.66897
9794.20000    2.66911
9794.80000    2.66925
9795.40000    2.66938
9796.00000    2.66952
9796.60000    2.66966
9797.20000    2.66980
9797.80000    2.66994
9798.40000    2.67008
9799.00000    2.67022
9799.60000    2.67035
9800.20000    2.67049
9800.80000    2.67063
9801.40000    2.67077
9802.00000    2.67091
9802.60000    2.67105
9803.20000    2.67119
9803.80000    2.67133
9804.40000    2.67146
9805.00000    2.67160
9805.60000    2.67174
9806.20000    2.67188
9806.80000    2.67202
9807.40000    2.67216
9808.00000    2.67230
9808.60000    2.67244
9809.20000    2.67258
9809.80000    2.67272
9810.40000    2.67286
9811.00000    2.67299
9811.60000    2.67313
9812.20000    2.67327
9812.80000    2.67341
9813.40000    2.67355
9814.00000    2.67369
9814.60000    2.67383
9815.20000    2.67397
9815.80000    2.67411
9816.40000    2.67425
9817.00000    2.67439
9817.60000    2.67453
9818.20000    2.67467
9818.80000    2.67481
9819.40000    2.67495
9820.00000    2.67509
9820.60000    2.67523
9821.20000    2.67537
9821.80000    2.67551
9822.40000    2.67565
9823.00000    2.67579
9823.60000    2.67593
9824.20000    2.67607
9824.80000    2.67621
9825.40000    2.67635
9826.00000    2.67649
9826.60000    2.67663
9827.20000    2.67677
9827.80000    2.67691
9828.40000    2.67706
9829.00000    2.67720
9829.60000    2.67734
9830.20000    2.67748
9830.80000    2.67762
9831.40000    2.67776
9832.00000    2.67790
9832.60000    2.67804
9833.20000    2.67818
9833.80000    2.67832
9834.40000    2.67846
9835.00000    2.67860
9835.60000    2.67875
9836.20000    2.67889
9836.80000    2.67903
9837.40000    2.67917
9838.00000    2.67931
9838.60000    2.67945
9839.20000    2.67959
9839.80000    2.67973
9840.40000    2.67988
9841.00000    2.68002
9841.60000    2.68016
9842.20000    2.68030
9842.80000    2.68044
9843.40000    2.68058
9844.00000    2.68073
9844.60000    2.68087
9845.20000    2.68101
9845.80000    2.68115
9846.40000    2.68129
9847.00000    2.68143
9847.60000    2.68158
9848.20000    2.68172
9848.80000    2.68186
9849.40000    2.68200
9850.00000    2.68214
9850.60000    2.68229
9851.20000    2.68243
9851.80000    2.68257
9852.40000    2.68271
9853.00000    2.68286
9853.60000    2.68300
9854.20000    2.68314
9854.80000    2.68328
9855.40000    2.68343
9856.00000    2.68357
9856.60000    2.68371
9857.20000    2.68385
9857.80000    2.68400
9858.40000    2.68414
9859.00000    2.68428
9859.60000    2.68442
9860.20000    2.68457
9860.80000    2.68471
9861.40000    2.68485
9862.00000    2.68500
9862.60000    2.68514
9863.20000    2.68528
9863.80000    2.68543
9864.40000    2.68557
9865.00000    2.68571
9865.60000    2.68585
9866.20000    2.68600
9866.80000    2.68614
9867.40000    2.68628
9868.00000    2.68643
9868.60000    2.68657
9869.20000    2.68671
9869.80000    2.68686
9870.40000    2.68700
9871.00000    2.68715
9871.60000    2.68729
9872.20000    2.68743
9872.80000    2.68758
9873.40000    2.68772
9874.00000    2.68786
9874.60000    2.68801
9875.20000    2.68815
9875.80000    2.68830
9876.40000    2.68844
9877.00000    2.68858
9877.60000    2.68873
9878.20000    2.68887
9878.80000    2.68902
9879.40000    2.68916
9880.00000    2.68930
9880.60000    2.68945
9881.20000    2.68959
9881.80000    2.68974
9882.40000    2.68988
9883.00000    2.69003
9883.60000    2.69017
9884.20000    2.69032
9884.80000    2.69046
9885.40000    2.69060
9886.00000    2.69075
9886.60000    2.69089
9887.20000    2.69104
9887.80000    2.69118
9888.40000    2.69133
9889.00000    2.69147
9889.60000    2.69162
9890.20000    2.69176
9890.80000    2.69191
9891.40000    2.69205
9892.00000    2.69220
9892.60000    2.69234
9893.20000    2.69249
9893.80000    2.69263
9894.40000    2.69278
9895.00000    2.69292
9895.60000    2.69307
9896.20000    2.69321
9896.80000    2.69336
9897.40000    2.69351
9898.00000    2.69365
9898.60000    2.69380
9899.20000    2.69394
9899.80000    2.69409
9900.40000    2.69423
9901.00000    2.69438
9901.60000    2.69453
9902.20000    2.69467
9902.80000    2.69482
9903.40000    2.69496
9904.00000    2.69511
9904.60000    2.69525
9905.20000    2.69540
9905.80000    2.69555
9906.40000    2.69569
9907.00000    2.69584
9907.60000    2.69599
9908.20000    2.69613
9908.80000    2.69628
9909.40000    2.69642
9910.00000    2.69657
9910.60000    2.69672
9911.20000    2.69686
9911.80000    2.69701
9912.40000    2.69716
9913.00000    2.69730
9913.60000    2.69745
9914.20000    2.69760
9914.80000    2.69774
9915.40000    2.69789
9916.00000    2.69804
9916.60000    2.69818
9917.20000    2.69833
9917.80000    2.69848
9918.40000    2.69862
9919.00000    2.69877
9919.60000    2.69892
9920.20000    2.69906
9920.80000    2.69921
9921.40000    2.69936
9922.00000    2.69951
9922.60000    2.69965
9923.20000    2.69980
9923.80000    2.69995
9924.40000    2.70010
9925.00000    2.70024
9925.60000    2.70039
9926.20000    2.70054
9926.80000    2.70068
9927.40000    2.70083
9928.00000    2.70098
9928.60000    2.70113
9929.20000    2.70128
9929.80000    2.70142
9930.40000    2.70157
9931.00000    2.70172
9931.60000    2.70187
9932.20000    2.70201
9932.80000    2.70216
9933.40000    2.70231
9934.00000    2.70246
9934.60000    2.70261
9935.20000    2.70275
9935.80000    2.70290
9936.40000    2.70305
9937.00000    2.70320
9937.60000    2.70335
9938.20000    2.70350
9938.80000    2.70364
9939.40000    2.70379
9940.00000    2.70394
9940.60000    2.70409
9941.20000    2.70424
9941.80000    2.70439
9942.40000    2.70454
9943.00000    2.70468
9943.60000    2.70483
9944.20000    2.70498
9944.80000    2.70513
9945.40000    2.70528
9946.00000    2.70543
9946.60000    2.70558
9947.20000    2.70573
9947.80000    2.70587
9948.40000    2.70602
9949.00000    2.70617
9949.60000    2.70632
9950.20000    2.70647
9950.80000    2.70662
9951.40000    2.70677
9952.00000    2.70692
9952.60000    2.70707
9953.20000    2.70722
9953.80000    2.70737
9954.40000    2.70752
9955.00000    2.70767
9955.60000    2.70782
9956.20000    2.70797
9956.80000    2.70812
9957.40000    2.70826
9958.00000    2.70841
9958.60000    2.70856
9959.20000    2.70871
9959.80000    2.70886
9960.40000    2.70901
9961.00000    2.70916
9961.60000    2.70931
9962.20000    2.70946
9962.80000    2.70961
9963.40000    2.70976
9964.00000    2.70991
9964.60000    2.71006
9965.20000    2.71021
9965.80000    2.71036
9966.40000    2.71052
9967.00000    2.71067
9967.60000    2.71082
9968.20000    2.71097
9968.80000    2.71112
9969.40000    2.71127
9970.00000    2.71142
9970.60000    2.71157
9971.20000    2.71172
9971.80000    2.71187
9972.40000    2.71202
9973.00000    2.71217
9973.60000    2.71232
9974.20000    2.71247
9974.80000    2.71262
9975.40000    2.71277
9976.00000    2.71293
9976.60000    2.71308
9977.20000    2.71323
9977.80000    2.71338
9978.40000    2.71353
9979.00000    2.71368
9979.60000    2.71383
9980.20000    2.71398
9980.80000    2.71414
9981.40000    2.71429
9982.00000    2.71444
9982.60000    2.71459
9983.20000    2.71474
9983.80000    2.71489
9984.40000    2.71504
9985.00000    2.71520
9985.60000    2.71535
9986.20000    2.71550
9986.80000    2.71565
9987.40000    2.71580
9988.00000    2.71595
9988.60000    2.71611
9989.20000    2.71626
9989.80000    2.71641
9990.40000    2.71656
9991.00000    2.71671
9991.60000    2.71687
9992.20000    2.71702
9992.80000    2.71717
9993.40000    2.71732
9994.00000    2.71748
9994.60000    2.71763
9995.20000    2.71778
9995.80000    2.71793
9996.40000    2.71808
9997.00000    2.71824
9997.60000    2.71839
9998.20000    2.71854
9998.80000    2.71869
9999.40000    2.71885
10000.00000    2.71900